request_id,timestamp,crop,state,district,forecast_year,strategy,certification_status,status,prediction,unit,fallback_used,provenance_hash,error_code,error_message
REQ-76D98C75F94C,2026-09-03T14:08:49.281695+00:00,Oilseeds,Andhra Pradesh,Ananthapur,2017,NONE,UNSUPPORTED,REJECTED,,kg/ha,False,,UNSUPPORTED_CROP,Crop 'Oilseeds' is not registered with an authoritative forecasting strategy.
REQ-44F15E2B38B2,2026-09-03T14:08:49.283298+00:00,Oilseeds,Andhra Pradesh,Ananthapur,2017,NONE,UNSUPPORTED,REJECTED,,kg/ha,False,,UNSUPPORTED_CROP,Crop 'Oilseeds' is not registered with an authoritative forecasting strategy.
REQ-9FC567477E64,2026-09-03T14:09:21.117214+00:00,Oilseeds,Andhra Pradesh,Ananthapur,2017,NONE,UNSUPPORTED,REJECTED,,kg/ha,False,,MODEL_ARTIFACT_MISSING,Certified ML artifact 'oilseeds_model.pkl' for crop 'Oilseeds' is missing from repository.
REQ-508A4E00DE46,2026-09-03T14:09:21.127164+00:00,Oilseeds,Andhra Pradesh,Ananthapur,2017,NONE,UNSUPPORTED,REJECTED,,kg/ha,False,,MODEL_ARTIFACT_MISSING,Certified ML artifact 'oilseeds_model.pkl' for crop 'Oilseeds' is missing from repository.
REQ-212516E28870,2026-09-03T14:09:21.135912+00:00,Sugarcane,Andhra Pradesh,Ananthapur,2017,NONE,UNSUPPORTED,REJECTED,,kg/ha,False,,MODEL_ARTIFACT_MISSING,Certified ML artifact 'sugarcane_model.pkl' for crop 'Sugarcane' is missing from repository.
REQ-B5DCCF3C5A71,2026-09-03T14:09:21.142701+00:00,Sugarcane,Andhra Pradesh,Ananthapur,2017,NONE,UNSUPPORTED,REJECTED,,kg/ha,False,,MODEL_ARTIFACT_MISSING,Certified ML artifact 'sugarcane_model.pkl' for crop 'Sugarcane' is missing from repository.
REQ-372CACA95DC8,2026-09-03T14:09:47.298112+00:00,Oilseeds,Andhra Pradesh,Ananthapur,2017,NONE,UNSUPPORTED,REJECTED,,kg/ha,False,,MODEL_ARTIFACT_MISSING,Certified ML artifact 'oilseeds_model.pkl' for crop 'Oilseeds' is missing from repository.
REQ-C0C2AB1F0502,2026-09-03T14:09:47.312104+00:00,Oilseeds,Andhra Pradesh,Ananthapur,2017,NONE,UNSUPPORTED,REJECTED,,kg/ha,False,,MODEL_ARTIFACT_MISSING,Certified ML artifact 'oilseeds_model.pkl' for crop 'Oilseeds' is missing from repository.
REQ-F65183FC82FB,2026-09-03T14:09:47.332051+00:00,Sugarcane,Andhra Pradesh,Ananthapur,2017,NONE,UNSUPPORTED,REJECTED,,kg/ha,False,,MODEL_ARTIFACT_MISSING,Certified ML artifact 'sugarcane_model.pkl' for crop 'Sugarcane' is missing from repository.
REQ-5F27EAA7E5A3,2026-09-03T14:09:47.346663+00:00,Sugarcane,Andhra Pradesh,Ananthapur,2017,NONE,UNSUPPORTED,REJECTED,,kg/ha,False,,MODEL_ARTIFACT_MISSING,Certified ML artifact 'sugarcane_model.pkl' for crop 'Sugarcane' is missing from repository.
REQ-4D207A93BA7F,2026-09-03T14:09:47.829679+00:00,Chickpea,Andhra Pradesh,Ananthapur,2017,Historical District Mean / Persistence,BASELINE_PRODUCTION,SUCCESS,610.86,kg/ha,False,SHA256:f3588422cb4cdcc2c37cb92d23c9cf8c30254fed83cb8864245bb380ad04fa34,,
REQ-4F8A7373510C,2026-09-03T14:09:47.915745+00:00,Chickpea,Andhra Pradesh,Ananthapur,2017,Historical District Mean / Persistence,BASELINE_PRODUCTION,SUCCESS,610.86,kg/ha,False,SHA256:9012f0fa598e88b5d5ae6facad5443f622d50290dc832f7d574cf8acff814973,,
REQ-D58F10D169F5,2026-09-03T14:09:47.982137+00:00,Kharif Sorghum,Andhra Pradesh,Ananthapur,2017,Historical District Mean / Persistence,BASELINE_PRODUCTION,SUCCESS,645.28,kg/ha,False,SHA256:a7a7fb2ed33bdf474a5dafc13c4c82fb40b323d37d920a796835395197304b9a,,
REQ-60D195ACABF1,2026-09-03T14:09:48.048617+00:00,Kharif Sorghum,Andhra Pradesh,Ananthapur,2017,Historical District Mean / Persistence,BASELINE_PRODUCTION,SUCCESS,645.28,kg/ha,False,SHA256:e1caf42e9e1b75c158507d59504151d5ec1d998cae0799ff01688071b480861b,,
REQ-E283909CD3D1,2026-09-03T14:09:48.128611+00:00,Minor Pulses,Andhra Pradesh,Ananthapur,2017,Historical District Mean / Persistence,BASELINE_PRODUCTION,SUCCESS,503.16,kg/ha,False,SHA256:b0bf0b0f1e916bf1c07d3dd6d60965f5095bfc9f56499e53aef4f3ea30aa901f,,
REQ-E98A1803CFF7,2026-09-03T14:09:48.212077+00:00,Minor Pulses,Andhra Pradesh,Ananthapur,2017,Historical District Mean / Persistence,BASELINE_PRODUCTION,SUCCESS,503.16,kg/ha,False,SHA256:93c7bafecfe173787c355457da84e3b387730154e58bf8719c9afed8dd889d51,,
REQ-042481E4A445,2026-09-03T14:09:48.272918+00:00,Maize,Andhra Pradesh,Ananthapur,2017,Historical District Mean / Persistence,BASELINE_PRODUCTION,SUCCESS,3707.98,kg/ha,False,SHA256:9b94ad1321ef1dbe84097a770f8ed9ff0a4f827edf0eed144ddb1024c7c74f21,,
REQ-DF0BA118176E,2026-09-03T14:09:48.340702+00:00,Maize,Andhra Pradesh,Ananthapur,2017,Historical District Mean / Persistence,BASELINE_PRODUCTION,SUCCESS,3707.98,kg/ha,False,SHA256:548e65698a53697615f2aa24c35d4c590d2fe2e539eae7f050bdb19f61d84753,,
REQ-4A0145CB5A6A,2026-09-03T14:09:48.402256+00:00,Wheat,Andhra Pradesh,Ananthapur,2017,Historical District Mean / Persistence,BASELINE_PRODUCTION,SUCCESS,696.89,kg/ha,False,SHA256:8f57a3bf8fa3464a44b052e83cf4ece3b60b0b867bf4b38a4dcf4114fc88fd0f,,
REQ-8A7C800F137F,2026-09-03T14:09:48.461090+00:00,Wheat,Andhra Pradesh,Ananthapur,2017,Historical District Mean / Persistence,BASELINE_PRODUCTION,SUCCESS,696.89,kg/ha,False,SHA256:c7cf82fc57507a50abf04842f9953d428af52dfa9f1d5a8c1f37ecaea21592ba,,
REQ-63A327A17D17,2026-09-03T14:09:48.519934+00:00,Rice,Andhra Pradesh,Ananthapur,2017,Historical District Mean / Persistence,BASELINE_PRODUCTION,SUCCESS,2625.84,kg/ha,False,SHA256:4f0f09cba7287cc5897ad5eecaaeb6cc7411f0ada365d36dd5e1713835906ce0,,
REQ-C430C4D92586,2026-09-03T14:09:48.592192+00:00,Rice,Andhra Pradesh,Ananthapur,2017,Historical District Mean / Persistence,BASELINE_PRODUCTION,SUCCESS,2625.84,kg/ha,False,SHA256:2d43af04ca39155fcc96a0decb46f77bfc9ab48afa65322db576ac450d0188df,,
REQ-43C99CAB1A35,2026-09-03T14:09:48.671336+00:00,Sesamum,Andhra Pradesh,Ananthapur,2017,Historical District Mean / Persistence,BASELINE_PRODUCTION,SUCCESS,0.0,kg/ha,False,SHA256:4d088f885145f53b7a29332ba184eb476c7528d1048ac0b18a0d208569913790,,
REQ-1650787F597D,2026-09-03T14:09:48.727188+00:00,Sesamum,Andhra Pradesh,Ananthapur,2017,Historical District Mean / Persistence,BASELINE_PRODUCTION,SUCCESS,0.0,kg/ha,False,SHA256:787dbdbf0a46ac4f505603926954065b3c7f2e20a3d7dbd266fdcde6d49a6ac0,,
REQ-430D0C8435B8,2026-09-03T14:09:48.785185+00:00,Pigeonpea,Andhra Pradesh,Ananthapur,2017,Historical District Mean / Persistence,BASELINE_PRODUCTION,SUCCESS,146.33,kg/ha,False,SHA256:5d6afe5bd88098c3d65ae2794cc75eb4fdd2d3469caf2ad847c94991b9d6dffa,,
REQ-D3C6ABC8258B,2026-09-03T14:09:48.868295+00:00,Pigeonpea,Andhra Pradesh,Ananthapur,2017,Historical District Mean / Persistence,BASELINE_PRODUCTION,SUCCESS,146.33,kg/ha,False,SHA256:9fd98d2ed3101672d520c8715ba0cb294749805e858720b7ac503ebd9209cf71,,
REQ-CDE0D6DCD9C4,2026-09-03T14:09:48.876005+00:00,Rapeseed & Mustard,Rajasthan,Alwar,2017,NONE,UNSUPPORTED,REJECTED,,kg/ha,False,,UNSUPPORTED_CROP,Crop 'Rapeseed & Mustard' is not registered with an authoritative forecasting strategy.
REQ-239CFBB49CC5,2026-09-03T14:09:48.879446+00:00,Rapeseed & Mustard,Rajasthan,Alwar,2017,NONE,UNSUPPORTED,REJECTED,,kg/ha,False,,UNSUPPORTED_CROP,Crop 'Rapeseed & Mustard' is not registered with an authoritative forecasting strategy.
REQ-410E0BBC7CF0,2026-09-03T14:09:48.970350+00:00,Groundnut,Andhra Pradesh,Ananthapur,2017,Historical District Mean / Persistence,BASELINE_PRODUCTION,SUCCESS,436.55,kg/ha,False,SHA256:66f86f2c2e2d2360f839d53dd05212a1e2e2b289c039f9a4f2b267318ef50ddc,,
REQ-4CBE010E1232,2026-09-03T14:09:49.036707+00:00,Groundnut,Andhra Pradesh,Ananthapur,2017,Historical District Mean / Persistence,BASELINE_PRODUCTION,SUCCESS,436.55,kg/ha,False,SHA256:3498575a12d8f558ae60552d897289914b8eb0b1d0d93c323a0d8d8b40a43405,,
REQ-8B436614B3BA,2026-09-03T14:09:49.102211+00:00,Sorghum,Andhra Pradesh,Ananthapur,2017,Historical District Mean / Persistence,BASELINE_PRODUCTION,SUCCESS,532.95,kg/ha,False,SHA256:c44e622e5772c819dcd08c3d3390a75c29b51e356d0bcfba1167193ad350dd5a,,
REQ-02A567326B2C,2026-09-03T14:09:49.181850+00:00,Sorghum,Andhra Pradesh,Ananthapur,2017,Historical District Mean / Persistence,BASELINE_PRODUCTION,SUCCESS,532.95,kg/ha,False,SHA256:c2ffcce7bb66db879deb35611f859ebf82d0387e618991d9bfa45197e4b6690a,,
REQ-A9846F8302C3,2026-09-03T14:09:49.247113+00:00,Pearl Millet,Andhra Pradesh,Ananthapur,2017,Historical District Mean / Persistence,BASELINE_PRODUCTION,SUCCESS,815.38,kg/ha,False,SHA256:7a81a6ca28f636e5e9a79c1162f77333feb2397428f2f1d33a8719248ee14d76,,
REQ-9D51B093593F,2026-09-03T14:09:49.306090+00:00,Pearl Millet,Andhra Pradesh,Ananthapur,2017,Historical District Mean / Persistence,BASELINE_PRODUCTION,SUCCESS,815.38,kg/ha,False,SHA256:386edc45068d161f62cd1a1c0c9ee81696d30620306a627cadc06998651d6f62,,
REQ-04CEE624116E,2026-09-03T14:09:49.308265+00:00,Potato,Punjab,Ludhiana,2018,NONE,UNSUPPORTED,REJECTED,,kg/ha,False,,UNSUPPORTED_CROP,Crop 'Potato' is not registered with an authoritative forecasting strategy.
REQ-8AB57C4906B6,2026-09-03T14:09:49.318460+00:00,Oilseeds,Punjab,NonExistentDistrict123,2018,NONE,UNSUPPORTED,REJECTED,,kg/ha,False,,DISTRICT_UNSUPPORTED,District 'NonExistentDistrict123' in state 'Punjab' is not supported in historical training data for Oilseeds.
REQ-85F9EDDBE32A,2026-09-03T14:11:37.405070+00:00,Oilseeds,Andhra Pradesh,Ananthapur,2017,NONE,UNSUPPORTED,REJECTED,,kg/ha,False,,MODEL_ARTIFACT_MISSING,Certified ML artifact 'oilseeds_model.pkl' for crop 'Oilseeds' is missing from repository.
REQ-B22A26315AD2,2026-09-03T14:11:37.415860+00:00,Oilseeds,Andhra Pradesh,Ananthapur,2017,NONE,UNSUPPORTED,REJECTED,,kg/ha,False,,MODEL_ARTIFACT_MISSING,Certified ML artifact 'oilseeds_model.pkl' for crop 'Oilseeds' is missing from repository.
REQ-35C2B12A1B93,2026-09-03T14:11:37.424142+00:00,Sugarcane,Andhra Pradesh,Ananthapur,2017,NONE,UNSUPPORTED,REJECTED,,kg/ha,False,,MODEL_ARTIFACT_MISSING,Certified ML artifact 'sugarcane_model.pkl' for crop 'Sugarcane' is missing from repository.
REQ-5EFBB99F0EE1,2026-09-03T14:11:37.435218+00:00,Sugarcane,Andhra Pradesh,Ananthapur,2017,NONE,UNSUPPORTED,REJECTED,,kg/ha,False,,MODEL_ARTIFACT_MISSING,Certified ML artifact 'sugarcane_model.pkl' for crop 'Sugarcane' is missing from repository.
REQ-B307CE0AE7CD,2026-09-03T14:11:37.952998+00:00,Chickpea,Andhra Pradesh,Ananthapur,2017,Historical District Mean / Persistence,BASELINE_PRODUCTION,SUCCESS,610.86,kg/ha,False,SHA256:255b0d4b797674a2875138782b1ac76fcb15d857a5846743e5ad285b9aca9fdf,,
REQ-E561732790C7,2026-09-03T14:11:37.994579+00:00,Chickpea,Andhra Pradesh,Ananthapur,2017,Historical District Mean / Persistence,BASELINE_PRODUCTION,SUCCESS,610.86,kg/ha,False,SHA256:d07c3299123e9bedd8f5bb8de9bb390fb05163cd1b576bdf9ba236774958afc4,,
REQ-83BFD0BC2A51,2026-09-03T14:11:38.041831+00:00,Kharif Sorghum,Andhra Pradesh,Ananthapur,2017,Historical District Mean / Persistence,BASELINE_PRODUCTION,SUCCESS,645.28,kg/ha,False,SHA256:2ddee18918ac1cfe3a3ab246ca80a96e0ab18400d1f43f909d606bc3ac896858,,
REQ-9BA0DCCBE7DB,2026-09-03T14:11:38.081760+00:00,Kharif Sorghum,Andhra Pradesh,Ananthapur,2017,Historical District Mean / Persistence,BASELINE_PRODUCTION,SUCCESS,645.28,kg/ha,False,SHA256:4bb57daec2e42dc4c8e50a784f11e1853229bc2396472e13f3e65a835ecae0bf,,
REQ-A912BB147650,2026-09-03T14:11:38.129089+00:00,Minor Pulses,Andhra Pradesh,Ananthapur,2017,Historical District Mean / Persistence,BASELINE_PRODUCTION,SUCCESS,503.16,kg/ha,False,SHA256:9ad2cd1558a4ab520f4372bc1d376412d187566da140e77f754b748e4b56a785,,
REQ-0B0F58B87714,2026-09-03T14:11:38.206332+00:00,Minor Pulses,Andhra Pradesh,Ananthapur,2017,Historical District Mean / Persistence,BASELINE_PRODUCTION,SUCCESS,503.16,kg/ha,False,SHA256:603aa7c975438ef23435d4657a50c42c9990122a6a8a8b14fa21181c60101d6f,,
REQ-D22D5A94B244,2026-09-03T14:11:38.318514+00:00,Maize,Andhra Pradesh,Ananthapur,2017,Historical District Mean / Persistence,BASELINE_PRODUCTION,SUCCESS,3707.98,kg/ha,False,SHA256:995eb4c428b16e073148acb30ffc67d98396dd7e129733ec5ecb5480e0e80ddd,,
REQ-264C82D83E2B,2026-09-03T14:11:38.441403+00:00,Maize,Andhra Pradesh,Ananthapur,2017,Historical District Mean / Persistence,BASELINE_PRODUCTION,SUCCESS,3707.98,kg/ha,False,SHA256:8b9bc6649ea5360f8a0c9c37ae6fbac4df3951e1c815bfb4433ae7bca56f2019,,
REQ-9A4CE0E98FB2,2026-09-03T14:11:38.573634+00:00,Wheat,Andhra Pradesh,Ananthapur,2017,Historical District Mean / Persistence,BASELINE_PRODUCTION,SUCCESS,696.89,kg/ha,False,SHA256:e87f1a2d6b56a0552a81c5cc3218fd32e395782d789fa554658be9a55e5af0c3,,
REQ-F60BB7DFA41F,2026-09-03T14:11:38.733643+00:00,Wheat,Andhra Pradesh,Ananthapur,2017,Historical District Mean / Persistence,BASELINE_PRODUCTION,SUCCESS,696.89,kg/ha,False,SHA256:3a2a582669659b635dbe261eacea7d5a54bc2b55b56b424ddb5385c879521320,,
REQ-7618D1311D66,2026-09-03T14:11:38.901368+00:00,Rice,Andhra Pradesh,Ananthapur,2017,Historical District Mean / Persistence,BASELINE_PRODUCTION,SUCCESS,2625.84,kg/ha,False,SHA256:4389ffd7eec399d17d09883d7a2696568d0e0eaa606829499d6c97a4c39ffcf8,,
REQ-B440B4B99A2A,2026-09-03T14:11:39.057849+00:00,Rice,Andhra Pradesh,Ananthapur,2017,Historical District Mean / Persistence,BASELINE_PRODUCTION,SUCCESS,2625.84,kg/ha,False,SHA256:9521e339e041af06fa7269dfd11e2059dd8c76213c7db3dcefc93608ebf511bc,,
REQ-A936E79C39E7,2026-09-03T14:11:39.226762+00:00,Sesamum,Andhra Pradesh,Ananthapur,2017,Historical District Mean / Persistence,BASELINE_PRODUCTION,SUCCESS,0.0,kg/ha,False,SHA256:60d7adf780e5ee4b4f844cf7e133694913d2da8819308f36b02ace4b4e67433c,,
REQ-33E30CC5DFD1,2026-09-03T14:11:39.377352+00:00,Sesamum,Andhra Pradesh,Ananthapur,2017,Historical District Mean / Persistence,BASELINE_PRODUCTION,SUCCESS,0.0,kg/ha,False,SHA256:522d698fc2ebdd64afec51b5ee2fd407a4695cf444113888777c4428053d43dc,,
REQ-E690E981C571,2026-09-03T14:11:39.540623+00:00,Pigeonpea,Andhra Pradesh,Ananthapur,2017,Historical District Mean / Persistence,BASELINE_PRODUCTION,SUCCESS,146.33,kg/ha,False,SHA256:7c2bdd4a406438e0fcade1c4133006474bf62c3847286b61b7a0dfa8884ddf52,,
REQ-6E42C1A271B9,2026-09-03T14:11:39.704557+00:00,Pigeonpea,Andhra Pradesh,Ananthapur,2017,Historical District Mean / Persistence,BASELINE_PRODUCTION,SUCCESS,146.33,kg/ha,False,SHA256:9e61e94326aaddf312d048331830cecda4d00e3a18bf8feadb79825ae0d87962,,
REQ-F8AEAFDAA752,2026-09-03T14:11:39.871282+00:00,Rapeseed and Mustard,Andhra Pradesh,Ananthapur,2017,Historical District Mean / Persistence,BASELINE_PRODUCTION,SUCCESS,0.0,kg/ha,False,SHA256:eb05a2e2168b4ad8c5e7e130a4843726594f993bdf6c4fc13e2fbea9eb7ed346,,
REQ-D82030437E3E,2026-09-03T14:11:40.037950+00:00,Rapeseed and Mustard,Andhra Pradesh,Ananthapur,2017,Historical District Mean / Persistence,BASELINE_PRODUCTION,SUCCESS,0.0,kg/ha,False,SHA256:4c0a8d93a86dc25daefef032cc9d1d181178d909d41fc24b32a6a27cc452de3b,,
REQ-15434BB9E05D,2026-09-03T14:11:40.221605+00:00,Groundnut,Andhra Pradesh,Ananthapur,2017,Historical District Mean / Persistence,BASELINE_PRODUCTION,SUCCESS,436.55,kg/ha,False,SHA256:40d48947cc19e9031a671869692261f3dfd4044424247d67b8f5b8cf8ce027e2,,
REQ-50D22D207CF5,2026-09-03T14:11:40.382742+00:00,Groundnut,Andhra Pradesh,Ananthapur,2017,Historical District Mean / Persistence,BASELINE_PRODUCTION,SUCCESS,436.55,kg/ha,False,SHA256:429dec37d1f6e821bf1e308ffae68341775196c3876bf784bc5c2f41767bf894,,
REQ-120C317DF48C,2026-09-03T14:11:40.509290+00:00,Sorghum,Andhra Pradesh,Ananthapur,2017,Historical District Mean / Persistence,BASELINE_PRODUCTION,SUCCESS,532.95,kg/ha,False,SHA256:3d2bd95b02257bfb248b082fb15b5aa5414e501bb34f9eb3f8e5af298fefb0d4,,
REQ-592A4DF648D2,2026-09-03T14:11:40.625034+00:00,Sorghum,Andhra Pradesh,Ananthapur,2017,Historical District Mean / Persistence,BASELINE_PRODUCTION,SUCCESS,532.95,kg/ha,False,SHA256:6a57c26d472e5542ea6b663bbfa2cbc51f4c376661e888cd0b4ce2a011065c0c,,
REQ-A1E004BD8166,2026-09-03T14:11:40.754173+00:00,Pearl Millet,Andhra Pradesh,Ananthapur,2017,Historical District Mean / Persistence,BASELINE_PRODUCTION,SUCCESS,815.38,kg/ha,False,SHA256:3413a97c2878fb17322c78aa7ca0856782741346d8cc4c850cb091fc16257714,,
REQ-3A12C619B3CF,2026-09-03T14:11:40.864884+00:00,Pearl Millet,Andhra Pradesh,Ananthapur,2017,Historical District Mean / Persistence,BASELINE_PRODUCTION,SUCCESS,815.38,kg/ha,False,SHA256:513978e92ba16fbd2c894b23e32d27c55021e7a82b11dbfe2e9f865974a33b98,,
REQ-8D5EBED42AB8,2026-09-03T14:11:40.868658+00:00,Potato,Punjab,Ludhiana,2018,NONE,UNSUPPORTED,REJECTED,,kg/ha,False,,UNSUPPORTED_CROP,Crop 'Potato' is not registered with an authoritative forecasting strategy.
REQ-82449E367447,2026-09-03T14:11:40.889791+00:00,Oilseeds,Punjab,NonExistentDistrict123,2018,NONE,UNSUPPORTED,REJECTED,,kg/ha,False,,DISTRICT_UNSUPPORTED,District 'NonExistentDistrict123' in state 'Punjab' is not supported in historical training data for Oilseeds.
REQ-086170B47244,2026-09-03T14:14:05.966768+00:00,Oilseeds,Andhra Pradesh,Ananthapur,2017,Historical ML (RandomForestRegressor),PRODUCTION_READY,SUCCESS,817.06,kg/ha,False,SHA256:d8d2fd45f7becda138e10dc356eb8e72fd07d06e3fd884203ec52661ed7bbb77,,
REQ-E7BBFF86F3E8,2026-09-03T14:14:06.129866+00:00,Oilseeds,Andhra Pradesh,Ananthapur,2017,Historical ML (RandomForestRegressor),PRODUCTION_READY,SUCCESS,817.06,kg/ha,False,SHA256:599136044519df1fa35398585c744c48e559282087cfe7499c646cf46cedfd6a,,
REQ-8B932B3B0140,2026-09-03T14:14:06.385631+00:00,Sugarcane,Andhra Pradesh,Ananthapur,2017,Historical ML (GradientBoostingRegressor),CONDITIONAL_PRODUCTION,SUCCESS,9469.76,kg/ha,False,SHA256:3ca0e9f0efa411545f3a953a013935b919c9465f06d01f7a7452556510524d19,,
REQ-57261F72748A,2026-09-03T14:14:06.460379+00:00,Sugarcane,Andhra Pradesh,Ananthapur,2017,Historical ML (GradientBoostingRegressor),CONDITIONAL_PRODUCTION,SUCCESS,9469.76,kg/ha,False,SHA256:74fb2738a572db8a97ee9b4a44d1a56e43b87a7e95aa23c3698cd8859d93e76a,,
REQ-6F767F20F9FB,2026-09-03T14:14:06.542826+00:00,Chickpea,Andhra Pradesh,Ananthapur,2017,Historical District Mean / Persistence,BASELINE_PRODUCTION,SUCCESS,610.86,kg/ha,False,SHA256:499252468b6784160e04e5b5f56a8dbc05079625400f1fa5df219f810e8f849a,,
REQ-819225F5320B,2026-09-03T14:14:06.635554+00:00,Chickpea,Andhra Pradesh,Ananthapur,2017,Historical District Mean / Persistence,BASELINE_PRODUCTION,SUCCESS,610.86,kg/ha,False,SHA256:eecf0a6b7e6e17c109c5760a94a7d1511a7a598d6c9e820aef5de505e21f1037,,
REQ-9346DF9FC02F,2026-09-03T14:14:06.715213+00:00,Kharif Sorghum,Andhra Pradesh,Ananthapur,2017,Historical District Mean / Persistence,BASELINE_PRODUCTION,SUCCESS,645.28,kg/ha,False,SHA256:50acf5fe12b30fc027834aea652efa4d2fdbed615b2f8f7d9122be3bba26a308,,
REQ-9AD812BF5871,2026-09-03T14:14:06.791355+00:00,Kharif Sorghum,Andhra Pradesh,Ananthapur,2017,Historical District Mean / Persistence,BASELINE_PRODUCTION,SUCCESS,645.28,kg/ha,False,SHA256:a31a4c07e07053db8dd19d23e125a7730901690af0a4ddea17235494c151db77,,
REQ-993A9E761385,2026-09-03T14:14:06.894304+00:00,Minor Pulses,Andhra Pradesh,Ananthapur,2017,Historical District Mean / Persistence,BASELINE_PRODUCTION,SUCCESS,503.16,kg/ha,False,SHA256:20631272a55e310f8ce5ab565dcd37aa7988160b23a763192955cf89a74da966,,
REQ-4C02C90DDB4D,2026-09-03T14:14:07.072420+00:00,Minor Pulses,Andhra Pradesh,Ananthapur,2017,Historical District Mean / Persistence,BASELINE_PRODUCTION,SUCCESS,503.16,kg/ha,False,SHA256:af667efcc158c804e68ec78ab82f427846ae124843fa20eb8a1e4d722881506d,,
REQ-183AFABCBA75,2026-09-03T14:14:07.271851+00:00,Maize,Andhra Pradesh,Ananthapur,2017,Historical District Mean / Persistence,BASELINE_PRODUCTION,SUCCESS,3707.98,kg/ha,False,SHA256:a4c29d86ddcb213062a40e0456ba69d583253717ee4865a8cd7160673b9f575c,,
REQ-D67537510FD5,2026-09-03T14:14:07.467222+00:00,Maize,Andhra Pradesh,Ananthapur,2017,Historical District Mean / Persistence,BASELINE_PRODUCTION,SUCCESS,3707.98,kg/ha,False,SHA256:3d91c84a936a7b6d1df98a320fcea1ffdd686a2621dec352005f966605e0156b,,
REQ-9B332EB7650B,2026-09-03T14:14:07.664342+00:00,Wheat,Andhra Pradesh,Ananthapur,2017,Historical District Mean / Persistence,BASELINE_PRODUCTION,SUCCESS,696.89,kg/ha,False,SHA256:0ac06d5c97febf481a498b57baf7189c79acc0553c81f5e166b4bcd3e87f37e7,,
REQ-218DBCE776A1,2026-09-03T14:14:07.851451+00:00,Wheat,Andhra Pradesh,Ananthapur,2017,Historical District Mean / Persistence,BASELINE_PRODUCTION,SUCCESS,696.89,kg/ha,False,SHA256:508b794324ab21e912b085d7b91b62ff05aaa1def83e105d1f01409f19001062,,
REQ-41157648041D,2026-09-03T14:14:08.070270+00:00,Rice,Andhra Pradesh,Ananthapur,2017,Historical District Mean / Persistence,BASELINE_PRODUCTION,SUCCESS,2625.84,kg/ha,False,SHA256:0c9d2c8ffb1f17473f18a72959d551b931c5bf8e75970c8ebec05e0860b599c5,,
REQ-B7597752D180,2026-09-03T14:14:08.182399+00:00,Rice,Andhra Pradesh,Ananthapur,2017,Historical District Mean / Persistence,BASELINE_PRODUCTION,SUCCESS,2625.84,kg/ha,False,SHA256:78202540c9bbc6288829e4549dfc444a03e416f23cbb0f597e8d502ed72b480a,,
REQ-6067021F5343,2026-09-03T14:14:08.351485+00:00,Sesamum,Andhra Pradesh,Ananthapur,2017,Historical District Mean / Persistence,BASELINE_PRODUCTION,SUCCESS,0.0,kg/ha,False,SHA256:f3ff9a93e039b9786cd7b4bbfc0a935a6f3ff66b7117c2ba6964d899357bbe73,,
REQ-CC1A3C3D40E7,2026-09-03T14:14:08.519033+00:00,Sesamum,Andhra Pradesh,Ananthapur,2017,Historical District Mean / Persistence,BASELINE_PRODUCTION,SUCCESS,0.0,kg/ha,False,SHA256:bba1e972f7bee66b70d4a3712bcb7b7a98d04771baa485750e9dd85cfb22b1fa,,
REQ-789A081E996B,2026-09-03T14:14:08.770083+00:00,Pigeonpea,Andhra Pradesh,Ananthapur,2017,Historical District Mean / Persistence,BASELINE_PRODUCTION,SUCCESS,146.33,kg/ha,False,SHA256:8d3b89570325647384a0399cac85f3fcee5ac81dc4f292aacf839665fe2d3a7b,,
REQ-1171EBF0AAAA,2026-09-03T14:14:08.978739+00:00,Pigeonpea,Andhra Pradesh,Ananthapur,2017,Historical District Mean / Persistence,BASELINE_PRODUCTION,SUCCESS,146.33,kg/ha,False,SHA256:e49a9f2507b3ea312a0128b624f716f387cdb0a4467f68fd3c206a81c74fe21f,,
REQ-5F66116563C5,2026-09-03T14:14:09.163616+00:00,Rapeseed and Mustard,Andhra Pradesh,Ananthapur,2017,Historical District Mean / Persistence,BASELINE_PRODUCTION,SUCCESS,0.0,kg/ha,False,SHA256:bd12f3d0326ac25ef8348ffa7ad911ce9449fd8b28f4652705e43be5cf3b3f02,,
REQ-80BB32D35661,2026-09-03T14:14:09.272313+00:00,Rapeseed and Mustard,Andhra Pradesh,Ananthapur,2017,Historical District Mean / Persistence,BASELINE_PRODUCTION,SUCCESS,0.0,kg/ha,False,SHA256:284e1a21aee8cbaa2bf40a4bbe4d5961f54cb5d116a515e2bb77f1f9cdebfdd3,,
REQ-AD41A5ABB234,2026-09-03T14:14:09.360322+00:00,Groundnut,Andhra Pradesh,Ananthapur,2017,Historical District Mean / Persistence,BASELINE_PRODUCTION,SUCCESS,436.55,kg/ha,False,SHA256:2abba7f3ebb43741badd45f8f0e8393584e8115bd8e410e4556ae9d6e01698d2,,
REQ-AAF471E2E8AE,2026-09-03T14:14:09.439406+00:00,Groundnut,Andhra Pradesh,Ananthapur,2017,Historical District Mean / Persistence,BASELINE_PRODUCTION,SUCCESS,436.55,kg/ha,False,SHA256:8b59af6150d9268dc5f9445588234cff8551bee352acc1c1d83e8430d3b0368f,,
REQ-BB033B1209B9,2026-09-03T14:14:09.541639+00:00,Sorghum,Andhra Pradesh,Ananthapur,2017,Historical District Mean / Persistence,BASELINE_PRODUCTION,SUCCESS,532.95,kg/ha,False,SHA256:addc866960f8fb166b14ffd3fe9835589978c779f54c2a7f40136eb4a1219994,,
REQ-03D40081C69C,2026-09-03T14:14:09.629323+00:00,Sorghum,Andhra Pradesh,Ananthapur,2017,Historical District Mean / Persistence,BASELINE_PRODUCTION,SUCCESS,532.95,kg/ha,False,SHA256:ba25b286468f6f5fa55cf62620ee4b0736a41a38e2620074d7f50e26b46534e0,,
REQ-F9D2D757ACF9,2026-09-03T14:14:09.702470+00:00,Pearl Millet,Andhra Pradesh,Ananthapur,2017,Historical District Mean / Persistence,BASELINE_PRODUCTION,SUCCESS,815.38,kg/ha,False,SHA256:18ad9ed88667edb52709e5317e06ae0a047aec5b2f61248bf3cc62f4a213fe2f,,
REQ-514036916E7D,2026-09-03T14:14:09.830394+00:00,Pearl Millet,Andhra Pradesh,Ananthapur,2017,Historical District Mean / Persistence,BASELINE_PRODUCTION,SUCCESS,815.38,kg/ha,False,SHA256:bef89612e178271570dc10ee8daad327ac0566eb868ec142750b82b71746d145,,
REQ-0B31EF19555B,2026-09-03T14:14:09.836393+00:00,Potato,Punjab,Ludhiana,2018,NONE,UNSUPPORTED,REJECTED,,kg/ha,False,,UNSUPPORTED_CROP,Crop 'Potato' is not registered with an authoritative forecasting strategy.
REQ-6647C7471EA1,2026-09-03T14:14:09.865229+00:00,Oilseeds,Punjab,NonExistentDistrict123,2018,NONE,UNSUPPORTED,REJECTED,,kg/ha,False,,DISTRICT_UNSUPPORTED,District 'NonExistentDistrict123' in state 'Punjab' is not supported in historical training data for Oilseeds.
REQ-566BAA5B7AA9,2026-09-03T14:28:16.988298+00:00,Oilseeds,Punjab,Ludhiana,2017,Historical ML (RandomForestRegressor),PRODUCTION_READY,SUCCESS,869.13,kg/ha,False,SHA256:85d6b74078e6423a215fef7210637c900254b20bf3833b77976f1c02495016b3,,
REQ-0C4F6770D8CA,2026-09-03T14:28:17.020137+00:00,Dragonfruit,Goa,Panaji,2018,NONE,UNSUPPORTED,REJECTED,,kg/ha,False,,UNSUPPORTED_CROP,Crop 'Dragonfruit' is not registered with an authoritative forecasting strategy.
REQ-0A824EA4D454,2026-09-03T14:28:17.582257+00:00,Chickpea,Madhya Pradesh,Indore,2017,Historical District Mean / Persistence,BASELINE_PRODUCTION,SUCCESS,1125.31,kg/ha,False,SHA256:acfd1b886258972faca78ad8463c80f47d1014da58aa3ef03da59042586d15b2,,
REQ-3B87C71011D7,2026-09-03T14:28:19.332585+00:00,Oilseeds,Andhra Pradesh,Ananthapur,2017,Historical ML (RandomForestRegressor),PRODUCTION_READY,SUCCESS,817.06,kg/ha,False,SHA256:0d464cfb85ed666b989347b37d4b5f4048a0e4593c0738552d08e1d723ccd836,,
REQ-C9B351484429,2026-09-03T14:28:19.635741+00:00,Oilseeds,Andhra Pradesh,Ananthapur,2017,Historical ML (RandomForestRegressor),PRODUCTION_READY,SUCCESS,817.06,kg/ha,False,SHA256:c99f4835ad434eb39fc9781e01a9821f4fc00ee6fccde8664ab78dcb2fd58437,,
REQ-50CAE6BBE51C,2026-09-03T14:28:19.746001+00:00,Sugarcane,Andhra Pradesh,Ananthapur,2017,Historical ML (GradientBoostingRegressor),CONDITIONAL_PRODUCTION,SUCCESS,9469.76,kg/ha,False,SHA256:efddb636a18ac0c7ddd4829f6e06c496dfcff1f4d823d193049c6982ccfe5442,,
REQ-C722CC4AA95D,2026-09-03T14:28:19.853756+00:00,Sugarcane,Andhra Pradesh,Ananthapur,2017,Historical ML (GradientBoostingRegressor),CONDITIONAL_PRODUCTION,SUCCESS,9469.76,kg/ha,False,SHA256:29c7e6b754b04700e5d07cf418ae32c3a35dac4a915f654e79db86d7b6fe6b15,,
REQ-8563F680346F,2026-09-03T14:28:19.994636+00:00,Chickpea,Andhra Pradesh,Ananthapur,2017,Historical District Mean / Persistence,BASELINE_PRODUCTION,SUCCESS,610.86,kg/ha,False,SHA256:af1b9436ae83b4b4a2550b6d53ff4bac8892811fab2016212e867880dab00135,,
REQ-98795AE0FC5D,2026-09-03T14:28:20.125934+00:00,Chickpea,Andhra Pradesh,Ananthapur,2017,Historical District Mean / Persistence,BASELINE_PRODUCTION,SUCCESS,610.86,kg/ha,False,SHA256:e4521d12406707fabed9ca9755d76ff09e9515ce109f6b81b002014876eb8b07,,
REQ-813CC3D912D7,2026-09-03T14:28:20.324796+00:00,Kharif Sorghum,Andhra Pradesh,Ananthapur,2017,Historical District Mean / Persistence,BASELINE_PRODUCTION,SUCCESS,645.28,kg/ha,False,SHA256:eb4fe996b0df3c4c68ff2f36c703f8135d23a7e776d47ec34f9ea06e4ac45d99,,
REQ-605B602188A4,2026-09-03T14:28:20.448697+00:00,Kharif Sorghum,Andhra Pradesh,Ananthapur,2017,Historical District Mean / Persistence,BASELINE_PRODUCTION,SUCCESS,645.28,kg/ha,False,SHA256:da7789b1c2c8942ecabc5ab3313a0ba03568d914bad349f36a9b96392fea1beb,,
REQ-15764945E8EF,2026-09-03T14:28:20.542344+00:00,Minor Pulses,Andhra Pradesh,Ananthapur,2017,Historical District Mean / Persistence,BASELINE_PRODUCTION,SUCCESS,503.16,kg/ha,False,SHA256:664f379ff9c051ac87620be2c728daf127fe76f2bcdec4b9980371392547a4aa,,
REQ-A39580B422C0,2026-09-03T14:28:20.651060+00:00,Minor Pulses,Andhra Pradesh,Ananthapur,2017,Historical District Mean / Persistence,BASELINE_PRODUCTION,SUCCESS,503.16,kg/ha,False,SHA256:2c5674a7cecac379fa317f5e408808c015be92a2e9e87becaef7161975e4668a,,
REQ-A3C89010FD6F,2026-09-03T14:28:20.764637+00:00,Maize,Andhra Pradesh,Ananthapur,2017,Historical District Mean / Persistence,BASELINE_PRODUCTION,SUCCESS,3707.98,kg/ha,False,SHA256:9c0a17040eeabe24fec2f6d2abccb7c0418b58bb44c177797b26c179e3f5a1f0,,
REQ-FA101F5EA162,2026-09-03T14:28:20.948609+00:00,Maize,Andhra Pradesh,Ananthapur,2017,Historical District Mean / Persistence,BASELINE_PRODUCTION,SUCCESS,3707.98,kg/ha,False,SHA256:48eb698c4dd422cc48d9102d538baa3ac62b9c22813957abe2994b9f3bc8f516,,
REQ-16B62B05452B,2026-09-03T14:28:21.079327+00:00,Wheat,Andhra Pradesh,Ananthapur,2017,Historical District Mean / Persistence,BASELINE_PRODUCTION,SUCCESS,696.89,kg/ha,False,SHA256:7cb3e00636701eeaf30104327eed0c95545b4c563520948ff761e5c0bae464f0,,
REQ-FCFFFB1E6361,2026-09-03T14:28:21.250780+00:00,Wheat,Andhra Pradesh,Ananthapur,2017,Historical District Mean / Persistence,BASELINE_PRODUCTION,SUCCESS,696.89,kg/ha,False,SHA256:d3f06bdfe251373da1ae1f9f81198ef92130d08b761c3b45cc622b90651d9628,,
REQ-4852B0AF5332,2026-09-03T14:28:21.513783+00:00,Rice,Andhra Pradesh,Ananthapur,2017,Historical District Mean / Persistence,BASELINE_PRODUCTION,SUCCESS,2625.84,kg/ha,False,SHA256:6785ba8aaff0c62c8e1a4d79462a88e971e0adb5b8957ef0c159b326a3a959ab,,
REQ-599792CF4021,2026-09-03T14:28:21.632215+00:00,Rice,Andhra Pradesh,Ananthapur,2017,Historical District Mean / Persistence,BASELINE_PRODUCTION,SUCCESS,2625.84,kg/ha,False,SHA256:7eae290a16c26b7c63c4f47e7c221221c5248f19b86663f2aa613e6710b4374b,,
REQ-059FF977CE2E,2026-09-03T14:28:21.720846+00:00,Sesamum,Andhra Pradesh,Ananthapur,2017,Historical District Mean / Persistence,BASELINE_PRODUCTION,SUCCESS,0.0,kg/ha,False,SHA256:0bc5f067b5f111b2356154bed200ac2d4fdec6fe912b2fc42c7e40f8159f5ff8,,
REQ-3BDDC396B9C0,2026-09-03T14:28:21.820407+00:00,Sesamum,Andhra Pradesh,Ananthapur,2017,Historical District Mean / Persistence,BASELINE_PRODUCTION,SUCCESS,0.0,kg/ha,False,SHA256:fdc01474c8c046a777a7264822a76721c139ed8bcea978ee99266ef0fec6ef43,,
REQ-5F030AE55D4C,2026-09-03T14:28:22.070052+00:00,Pigeonpea,Andhra Pradesh,Ananthapur,2017,Historical District Mean / Persistence,BASELINE_PRODUCTION,SUCCESS,146.33,kg/ha,False,SHA256:02bb6ca0e10c9fc5b80aa41b9e0328bf64cdb6dda8eea191feae50accd8b910e,,
REQ-410C2F9E4434,2026-09-03T14:28:22.305976+00:00,Pigeonpea,Andhra Pradesh,Ananthapur,2017,Historical District Mean / Persistence,BASELINE_PRODUCTION,SUCCESS,146.33,kg/ha,False,SHA256:bdbe2f3a31cf72cca2c82631d0aed295695a19f90e6afa22452b7e9f71b265ed,,
REQ-B9E508B2A479,2026-09-03T14:28:22.429922+00:00,Rapeseed and Mustard,Andhra Pradesh,Ananthapur,2017,Historical District Mean / Persistence,BASELINE_PRODUCTION,SUCCESS,0.0,kg/ha,False,SHA256:5e7b52879f072661cdca5c2993625ffc533e3e5824eaa071f9d0f99f63668e48,,
REQ-FDDB0AA17062,2026-09-03T14:28:22.527729+00:00,Rapeseed and Mustard,Andhra Pradesh,Ananthapur,2017,Historical District Mean / Persistence,BASELINE_PRODUCTION,SUCCESS,0.0,kg/ha,False,SHA256:b82a195df6d0411db3f6f5564c45edbb67e1aa0a1c80c917950f5d7bd0c3166d,,
REQ-062A01FC2920,2026-09-03T14:28:22.653352+00:00,Groundnut,Andhra Pradesh,Ananthapur,2017,Historical District Mean / Persistence,BASELINE_PRODUCTION,SUCCESS,436.55,kg/ha,False,SHA256:9709018d7de1d88e1c151f314ff910f87f0871ab0796107fd2c686a68eda23c7,,
REQ-9A70FA28BB6B,2026-09-03T14:28:22.744807+00:00,Groundnut,Andhra Pradesh,Ananthapur,2017,Historical District Mean / Persistence,BASELINE_PRODUCTION,SUCCESS,436.55,kg/ha,False,SHA256:c476b5df2881b4d0e2f72e7519ff7acb243442386db495b20cdf6c03a63d06e7,,
REQ-BE525F78BFE1,2026-09-03T14:28:22.836287+00:00,Sorghum,Andhra Pradesh,Ananthapur,2017,Historical District Mean / Persistence,BASELINE_PRODUCTION,SUCCESS,532.95,kg/ha,False,SHA256:37e09d17f09bb7d37a0c60e127a060b59e88a64082aab19c308a417bb9275465,,
REQ-33BB24541879,2026-09-03T14:28:22.947265+00:00,Sorghum,Andhra Pradesh,Ananthapur,2017,Historical District Mean / Persistence,BASELINE_PRODUCTION,SUCCESS,532.95,kg/ha,False,SHA256:1217e87c8966fc10ee1a0037a16c765a1b580624e63528320200fd51c704b30f,,
REQ-6DE1918BCA37,2026-09-03T14:28:23.105579+00:00,Pearl Millet,Andhra Pradesh,Ananthapur,2017,Historical District Mean / Persistence,BASELINE_PRODUCTION,SUCCESS,815.38,kg/ha,False,SHA256:2cdf2c0d9d447557e06cb4789101bfdacde598087486945a22e8efa56bfb9a50,,
REQ-26BDD4651AAD,2026-09-03T14:28:23.204943+00:00,Pearl Millet,Andhra Pradesh,Ananthapur,2017,Historical District Mean / Persistence,BASELINE_PRODUCTION,SUCCESS,815.38,kg/ha,False,SHA256:88d4b59f53dee39ed1a20c1005a6d1963c1d232c347381f156bf207c442b8372,,
REQ-DF579C4DE7BD,2026-09-03T14:28:23.207935+00:00,Potato,Punjab,Ludhiana,2018,NONE,UNSUPPORTED,REJECTED,,kg/ha,False,,UNSUPPORTED_CROP,Crop 'Potato' is not registered with an authoritative forecasting strategy.
REQ-EC5FFC9B4A02,2026-09-03T14:28:23.225656+00:00,Oilseeds,Punjab,NonExistentDistrict123,2018,NONE,UNSUPPORTED,REJECTED,,kg/ha,False,,DISTRICT_UNSUPPORTED,District 'NonExistentDistrict123' in state 'Punjab' is not supported in historical training data for Oilseeds.
REQ-0436C38E9CBF,2026-09-03T14:28:23.313556+00:00,FantasyCrop,Punjab,Ludhiana,2018,NONE,UNSUPPORTED,REJECTED,,kg/ha,False,,UNSUPPORTED_CROP,Crop 'FantasyCrop' is not registered with an authoritative forecasting strategy.
REQ-90A67BA63582,2026-09-03T14:28:23.331782+00:00,Oilseeds,Punjab,AtlantisDistrict,2018,NONE,UNSUPPORTED,REJECTED,,kg/ha,False,,DISTRICT_UNSUPPORTED,District 'AtlantisDistrict' in state 'Punjab' is not supported in historical training data for Oilseeds.
REQ-535FF15EE536,2026-09-03T14:28:23.986911+00:00,Oilseeds,Punjab,Ludhiana,2017,Historical ML (RandomForestRegressor),PRODUCTION_READY,SUCCESS,869.13,kg/ha,False,SHA256:88bf85045b588ea9dccc49a31d16ccdf4fd1a247a62c2a744f03cc506332b1b2,,
REQ-149B7A6D4BE4,2026-09-03T14:28:24.130963+00:00,Oilseeds,Punjab,Ludhiana,2017,Historical ML (RandomForestRegressor),PRODUCTION_READY,SUCCESS,869.13,kg/ha,False,SHA256:286e04f3b7d1967303e46621046ed36bd9530f02c7b4b2237475ab0555d983fd,,
REQ-1884FBDA802C,2026-09-03T14:40:00.743828+00:00,FantasyCrop,Punjab,Ludhiana,2018,NONE,UNSUPPORTED,REJECTED,,kg/ha,False,,UNSUPPORTED_CROP,Crop 'FantasyCrop' is not registered with an authoritative forecasting strategy.
REQ-B18EAD462638,2026-09-03T14:40:00.755855+00:00,Oilseeds,Punjab,AtlantisDistrict,2018,NONE,UNSUPPORTED,REJECTED,,kg/ha,False,,DISTRICT_UNSUPPORTED,District 'AtlantisDistrict' in state 'Punjab' is not supported in historical training data for Oilseeds.
REQ-4B89368F88E1,2026-09-03T14:40:01.267059+00:00,Oilseeds,Punjab,Ludhiana,2017,Historical ML (RandomForestRegressor),PRODUCTION_READY,SUCCESS,869.13,kg/ha,False,SHA256:d8e5875f1ca83c9a803eec8959f2b33635a12af27a4a5401cba45aeabe0ee107,,
REQ-FBF6674F0EC2,2026-09-03T14:40:01.438529+00:00,Oilseeds,Punjab,Ludhiana,2017,Historical ML (RandomForestRegressor),PRODUCTION_READY,SUCCESS,869.13,kg/ha,False,SHA256:44f334c283059e0caf571bbd1a912710aeeed44948cd5c8d02f469423c3ac72d,,
REQ-CDB7EE6013F9,2026-09-03T14:42:22.632900+00:00,Oilseeds,Andhra Pradesh,Ananthapur,2017,Historical ML (RandomForestRegressor),PRODUCTION_READY,SUCCESS,817.06,kg/ha,False,SHA256:3bb26e2068721068d21f5267f522f103f146c2eef6a4bb8f5b5177d2110086b3,,
REQ-3A3543CEC54F,2026-09-03T14:42:22.778637+00:00,Oilseeds,Andhra Pradesh,Ananthapur,2017,Historical ML (RandomForestRegressor),PRODUCTION_READY,SUCCESS,817.06,kg/ha,False,SHA256:58391d209be920f3ffb8a3987e9d5787789d2eb1d0f3d2c288985d74ce0c0f4b,,
REQ-D33BBCCC79B4,2026-09-03T14:42:22.884837+00:00,Sugarcane,Andhra Pradesh,Ananthapur,2017,Historical ML (GradientBoostingRegressor),CONDITIONAL_PRODUCTION,SUCCESS,9469.76,kg/ha,False,SHA256:539ecea3f8151485929d2e1e806b9c9e6ccf785b835cfd53eadc51e0334fcc64,,
REQ-112165998FB7,2026-09-03T14:42:22.974926+00:00,Sugarcane,Andhra Pradesh,Ananthapur,2017,Historical ML (GradientBoostingRegressor),CONDITIONAL_PRODUCTION,SUCCESS,9469.76,kg/ha,False,SHA256:db0fb72bb04979cf74e2f3418c08c8fe2325e53ce58fc29ac678ea25c9747c0b,,
REQ-ECF025FC722D,2026-09-03T14:42:23.031879+00:00,Chickpea,Andhra Pradesh,Ananthapur,2017,Historical District Mean / Persistence,BASELINE_PRODUCTION,SUCCESS,610.86,kg/ha,False,SHA256:787559e16f515368b8aa636bdc0eee20bff1c1635ee8ba2f74beaf4107f3f652,,
REQ-7D5AF01B0BE9,2026-09-03T14:42:23.084080+00:00,Chickpea,Andhra Pradesh,Ananthapur,2017,Historical District Mean / Persistence,BASELINE_PRODUCTION,SUCCESS,610.86,kg/ha,False,SHA256:6a12b1ac6d875d3bbf7396d794d3c62dbe184532e1968320a5e367f3742d4c8e,,
REQ-0AC6EFB269D1,2026-09-03T14:42:23.170277+00:00,Kharif Sorghum,Andhra Pradesh,Ananthapur,2017,Historical District Mean / Persistence,BASELINE_PRODUCTION,SUCCESS,645.28,kg/ha,False,SHA256:0c3cc1e096da6cf79dfd73f2681bfe52a20dc6bf13eab30c1575bc94435ad638,,
REQ-72275A9EB451,2026-09-03T14:42:23.233156+00:00,Kharif Sorghum,Andhra Pradesh,Ananthapur,2017,Historical District Mean / Persistence,BASELINE_PRODUCTION,SUCCESS,645.28,kg/ha,False,SHA256:57fa73428b1363cca55756547897219ded9bf07b0e1cfd011a1681ba5a40a491,,
REQ-FBA939A362B8,2026-09-03T14:42:23.317565+00:00,Minor Pulses,Andhra Pradesh,Ananthapur,2017,Historical District Mean / Persistence,BASELINE_PRODUCTION,SUCCESS,503.16,kg/ha,False,SHA256:d6be396f09fa1e721832b4bf527910d00011f4c4756baab8882d22cd04826d83,,
REQ-50DC1FEB5562,2026-09-03T14:42:23.403204+00:00,Minor Pulses,Andhra Pradesh,Ananthapur,2017,Historical District Mean / Persistence,BASELINE_PRODUCTION,SUCCESS,503.16,kg/ha,False,SHA256:1d27a038ce26f05303b344e2f2b539309fe7943f059ce38a2d6d86999f882452,,
REQ-E850C9D82260,2026-09-03T14:42:23.482862+00:00,Maize,Andhra Pradesh,Ananthapur,2017,Historical District Mean / Persistence,BASELINE_PRODUCTION,SUCCESS,3707.98,kg/ha,False,SHA256:96c192af98ed5ff0bb179086d2ee9e8c7edd2e57794228236c67b8a3e8ed0ac4,,
REQ-7C147D017BDA,2026-09-03T14:42:23.534830+00:00,Maize,Andhra Pradesh,Ananthapur,2017,Historical District Mean / Persistence,BASELINE_PRODUCTION,SUCCESS,3707.98,kg/ha,False,SHA256:8fa999ab7cb374618f1f472e3fb8500b2959634ab63789f6949e761de7742c63,,
REQ-0D5BB6011573,2026-09-03T14:42:23.589755+00:00,Wheat,Andhra Pradesh,Ananthapur,2017,Historical District Mean / Persistence,BASELINE_PRODUCTION,SUCCESS,696.89,kg/ha,False,SHA256:aff3e40bf267988efb426aeea71eacad1aeb2ef14a2a906ccf4fe4f4877be56e,,
REQ-31AB6593FCDD,2026-09-03T14:42:23.656116+00:00,Wheat,Andhra Pradesh,Ananthapur,2017,Historical District Mean / Persistence,BASELINE_PRODUCTION,SUCCESS,696.89,kg/ha,False,SHA256:f57e6b72c50571dae78bfcf55caaa359e0f1a3553b66f0660a6e52750eabd6e1,,
REQ-94257D1C774A,2026-09-03T14:42:23.745509+00:00,Rice,Andhra Pradesh,Ananthapur,2017,Historical District Mean / Persistence,BASELINE_PRODUCTION,SUCCESS,2625.84,kg/ha,False,SHA256:b60473387d301068e6024aa0992256778320cdd2f3d9cfaaec58b2236d84a0e4,,
REQ-5FD17C9977C1,2026-09-03T14:42:23.830276+00:00,Rice,Andhra Pradesh,Ananthapur,2017,Historical District Mean / Persistence,BASELINE_PRODUCTION,SUCCESS,2625.84,kg/ha,False,SHA256:b223d025d4f1d082780a635a6689a7492f2bb7fea817ac924170d667150bbb9a,,
REQ-E94ACABF85C9,2026-09-03T14:42:23.923311+00:00,Sesamum,Andhra Pradesh,Ananthapur,2017,Historical District Mean / Persistence,BASELINE_PRODUCTION,SUCCESS,0.0,kg/ha,False,SHA256:592bc3a7b5ed60dffb745888bfb229f358b3f421966abbbab622a1bf013bff13,,
REQ-623AE79F3259,2026-09-03T14:42:23.995967+00:00,Sesamum,Andhra Pradesh,Ananthapur,2017,Historical District Mean / Persistence,BASELINE_PRODUCTION,SUCCESS,0.0,kg/ha,False,SHA256:2fab3516173f98d6f1218e7c9a2f6aa4afb91eb2e9bd7fd4a446d2f2645c9e50,,
REQ-D1DA169AFE3E,2026-09-03T14:42:24.051048+00:00,Pigeonpea,Andhra Pradesh,Ananthapur,2017,Historical District Mean / Persistence,BASELINE_PRODUCTION,SUCCESS,146.33,kg/ha,False,SHA256:bcb3812e53619a905c19384fbbb6e485df9c3088c6008851c79cc12028b8ae76,,
REQ-A77B89FDC38A,2026-09-03T14:42:24.103196+00:00,Pigeonpea,Andhra Pradesh,Ananthapur,2017,Historical District Mean / Persistence,BASELINE_PRODUCTION,SUCCESS,146.33,kg/ha,False,SHA256:6ef4f096a768eab8ee07ef0f81fd4857ac3ace05f3b3e66bc2ac909de95af810,,
REQ-257917AA3F02,2026-09-03T14:42:24.160944+00:00,Rapeseed and Mustard,Andhra Pradesh,Ananthapur,2017,Historical District Mean / Persistence,BASELINE_PRODUCTION,SUCCESS,0.0,kg/ha,False,SHA256:8f862ba134e6ca82652c96c42194d622e4f35db8331b4012983f0ce2a78f3e5f,,
REQ-0766DAB3DC92,2026-09-03T14:42:24.217250+00:00,Rapeseed and Mustard,Andhra Pradesh,Ananthapur,2017,Historical District Mean / Persistence,BASELINE_PRODUCTION,SUCCESS,0.0,kg/ha,False,SHA256:1141e9d896fd64699a110fed00d585b53a8a926dcd8346c7949e8e65dc8530e4,,
REQ-CB386A482A16,2026-09-03T14:42:24.275129+00:00,Groundnut,Andhra Pradesh,Ananthapur,2017,Historical District Mean / Persistence,BASELINE_PRODUCTION,SUCCESS,436.55,kg/ha,False,SHA256:d3e82334a3b0f7b21f442d6852782c565fc7e9108da20309df724223d91a9fe6,,
REQ-F1A8CE2F96FE,2026-09-03T14:42:24.347938+00:00,Groundnut,Andhra Pradesh,Ananthapur,2017,Historical District Mean / Persistence,BASELINE_PRODUCTION,SUCCESS,436.55,kg/ha,False,SHA256:b6dd5df1c743c734eafdf076424ccc03cc3c9096055c28b6b4d2e16e79e440e6,,
REQ-3C5999B5A749,2026-09-03T14:42:24.429543+00:00,Sorghum,Andhra Pradesh,Ananthapur,2017,Historical District Mean / Persistence,BASELINE_PRODUCTION,SUCCESS,532.95,kg/ha,False,SHA256:18270a5077f7ecd7c95eda082a31236bfdd0cf7c2a057f7ce3b03d204392d88f,,
REQ-0296151501A1,2026-09-03T14:42:24.494713+00:00,Sorghum,Andhra Pradesh,Ananthapur,2017,Historical District Mean / Persistence,BASELINE_PRODUCTION,SUCCESS,532.95,kg/ha,False,SHA256:252685f83fe18ca6cababd64da342771b9f9462e87b8e2dd449e19ad044553a8,,
REQ-56B909447DBB,2026-09-03T14:42:24.573856+00:00,Pearl Millet,Andhra Pradesh,Ananthapur,2017,Historical District Mean / Persistence,BASELINE_PRODUCTION,SUCCESS,815.38,kg/ha,False,SHA256:288bf42a8a28f6306c9ae97ce94c84f9cf2e6d1f8d95c609f61d94ec98fc585d,,
REQ-75E38FBEFF8B,2026-09-03T14:42:24.665145+00:00,Pearl Millet,Andhra Pradesh,Ananthapur,2017,Historical District Mean / Persistence,BASELINE_PRODUCTION,SUCCESS,815.38,kg/ha,False,SHA256:088b0d9bc1ceb0a39d7858cb2367b9671daf2e748c3db8e33fada550a43880cd,,
REQ-862079B7892C,2026-09-03T14:42:24.668780+00:00,Potato,Punjab,Ludhiana,2018,NONE,UNSUPPORTED,REJECTED,,kg/ha,False,,UNSUPPORTED_CROP,Crop 'Potato' is not registered with an authoritative forecasting strategy.
REQ-F72945A0EB32,2026-09-03T14:42:24.683902+00:00,Oilseeds,Punjab,NonExistentDistrict123,2018,NONE,UNSUPPORTED,REJECTED,,kg/ha,False,,DISTRICT_UNSUPPORTED,District 'NonExistentDistrict123' in state 'Punjab' is not supported in historical training data for Oilseeds.
REQ-A136B90A53F4,2026-09-03T14:43:26.021060+00:00,Oilseeds,Punjab,Ludhiana,2017,Historical ML (RandomForestRegressor),PRODUCTION_READY,SUCCESS,869.13,kg/ha,False,SHA256:2ae0378e4a63518893d4be93c6a51a3bb2bbb1e379ea9c7e95e7c74afb5ee68d,,
REQ-B2FCA5365956,2026-09-03T14:43:26.043309+00:00,Dragonfruit,Goa,Panaji,2018,NONE,UNSUPPORTED,REJECTED,,kg/ha,False,,UNSUPPORTED_CROP,Crop 'Dragonfruit' is not registered with an authoritative forecasting strategy.
REQ-DA6EFA539BCF,2026-09-03T14:43:26.468539+00:00,Chickpea,Madhya Pradesh,Indore,2017,Historical District Mean / Persistence,BASELINE_PRODUCTION,SUCCESS,1125.31,kg/ha,False,SHA256:06638b8e7b1e97a4adff5a209c0cae37fd1985d23774ffb60751c223dd447cee,,
REQ-E76AC45A82DB,2026-09-03T14:44:59.277884+00:00,Oilseeds,Punjab,Ludhiana,2018,Historical ML (RandomForestRegressor),PRODUCTION_READY,SUCCESS,575.57,kg/ha,False,SHA256:04a8e8dd4dea12b7d6cc4079c0ee5c7d8536d5f977006344379cc7810dc32a07,,
REQ-53F8105BC5A8,2026-09-03T15:59:09.891727+00:00,Oilseeds,Punjab,Ludhiana,2018,Historical ML (RandomForestRegressor),PRODUCTION_READY,SUCCESS,575.57,kg/ha,False,SHA256:0e05eebc07dde9dc748bcfe84c7b6f72be262094d07ae515a3161c00ca6f6474,,
REQ-72241A51654A,2026-09-03T15:59:10.218072+00:00,Sugarcane,Uttar Pradesh,Meerut,2018,Historical ML (GradientBoostingRegressor),CONDITIONAL_PRODUCTION,SUCCESS,8489.46,kg/ha,False,SHA256:a632a1611cc96ee811576444893afe4310eb19511f6025f47aec8c50e2840673,,
REQ-5360167786E0,2026-09-03T15:59:10.520048+00:00,Rice,West Bengal,Burdwan,2018,Historical District Mean / Persistence,BASELINE_PRODUCTION,SUCCESS,3155.78,kg/ha,False,SHA256:a7954f3eaf565f1445e2df841d368bb96499263816c3409cbb5c424d1cdd75cc,,
REQ-522B6CBB2BB8,2026-09-03T15:59:10.548007+00:00,Potato,Punjab,Ludhiana,2018,NONE,UNSUPPORTED,REJECTED,,kg/ha,False,,UNSUPPORTED_CROP,Crop 'Potato' is not registered with an authoritative forecasting strategy.
REQ-03CF8587C7E6,2026-09-03T15:59:10.583795+00:00,Oilseeds,Punjab,Atlantis404,2018,NONE,UNSUPPORTED,REJECTED,,kg/ha,False,,DISTRICT_UNSUPPORTED,District 'Atlantis404' in state 'Punjab' is not supported in historical training data for Oilseeds.
REQ-89B3C168A2B7,2026-09-20T13:47:58.515994+00:00,FantasyCrop,Punjab,Ludhiana,2018,NONE,UNSUPPORTED,REJECTED,,kg/ha,False,,UNSUPPORTED_CROP,Crop 'FantasyCrop' is not registered with an authoritative forecasting strategy.
REQ-811802D5043C,2026-09-20T13:47:58.534949+00:00,Oilseeds,Punjab,AtlantisDistrict,2018,NONE,UNSUPPORTED,REJECTED,,kg/ha,False,,DISTRICT_UNSUPPORTED,District 'AtlantisDistrict' in state 'Punjab' is not supported in historical training data for Oilseeds.
REQ-0180D56A5025,2026-09-20T13:47:59.550119+00:00,Oilseeds,Punjab,Ludhiana,2017,Historical ML (RandomForestRegressor),PRODUCTION_READY,SUCCESS,869.13,kg/ha,False,SHA256:4b788072a7ed37258ea3bb6984e5d1fb6996a4ae486dd6175b3b8ef75243ceef,,
REQ-FFD29DDF141F,2026-09-20T13:47:59.710606+00:00,Oilseeds,Punjab,Ludhiana,2017,Historical ML (RandomForestRegressor),PRODUCTION_READY,SUCCESS,869.13,kg/ha,False,SHA256:1256cbae46140ed6a488b0c4ee0a953da2d40767b41c70bc47a285f7133e86f1,,
REQ-102D5845A388,2026-09-20T13:50:14.217018+00:00,Oilseeds,Andhra Pradesh,Ananthapur,2017,Historical ML (RandomForestRegressor),PRODUCTION_READY,SUCCESS,817.06,kg/ha,False,SHA256:6a346847e7e09a3cd3892eb22e0a887d1980bc3088d2b4e6feed71f1fa342000,,
REQ-2017D3F8DE9A,2026-09-20T13:50:14.409510+00:00,Oilseeds,Andhra Pradesh,Ananthapur,2017,Historical ML (RandomForestRegressor),PRODUCTION_READY,SUCCESS,817.06,kg/ha,False,SHA256:d0a260ac6c7c54fc6279ae62b56b8dd4e344a6275509311241c1a8eeccf34af6,,
REQ-6744A542112F,2026-09-20T13:50:14.512818+00:00,Sugarcane,Andhra Pradesh,Ananthapur,2017,Historical ML (GradientBoostingRegressor),CONDITIONAL_PRODUCTION,SUCCESS,9469.76,kg/ha,False,SHA256:c75930f32ca6e424eaa6edf07bb2e5e82ae08e775d9ae2d1a28d6342c66a7977,,
REQ-A7445CA3E76C,2026-09-20T13:50:14.608867+00:00,Sugarcane,Andhra Pradesh,Ananthapur,2017,Historical ML (GradientBoostingRegressor),CONDITIONAL_PRODUCTION,SUCCESS,9469.76,kg/ha,False,SHA256:e6adcff5f0f0fd69461ba4efd4a269ecc1f4eeae07c48fa2bedf9dfbce4b03dd,,
REQ-9EA7A058D20D,2026-09-20T13:50:14.692125+00:00,Chickpea,Andhra Pradesh,Ananthapur,2017,Historical District Mean / Persistence,BASELINE_PRODUCTION,SUCCESS,610.86,kg/ha,False,SHA256:9ba12607b75289dbe013d1086f317c0f7fc55d87258b912a5ab23391ef45f8bc,,
REQ-CD13FF2EDEF6,2026-09-20T13:50:14.785171+00:00,Chickpea,Andhra Pradesh,Ananthapur,2017,Historical District Mean / Persistence,BASELINE_PRODUCTION,SUCCESS,610.86,kg/ha,False,SHA256:06bfd30869488dcb092882ddfe1f1d46a913253d543ceb0a4b91ec396036537f,,
REQ-313B3B2B55C4,2026-09-20T13:50:14.900851+00:00,Kharif Sorghum,Andhra Pradesh,Ananthapur,2017,Historical District Mean / Persistence,BASELINE_PRODUCTION,SUCCESS,645.28,kg/ha,False,SHA256:9da244e2dde76b08a7b06d42d10144975efe64d7415cf0da773fb9368e763bf2,,
REQ-F62A0349A1D3,2026-09-20T13:50:14.990717+00:00,Kharif Sorghum,Andhra Pradesh,Ananthapur,2017,Historical District Mean / Persistence,BASELINE_PRODUCTION,SUCCESS,645.28,kg/ha,False,SHA256:6045782cefbfda748ca2ab9b38ece92c0b8b807e133a5aa80c69fc7e4eb5fad1,,
REQ-9DF80CC65EF3,2026-09-20T13:50:15.101098+00:00,Minor Pulses,Andhra Pradesh,Ananthapur,2017,Historical District Mean / Persistence,BASELINE_PRODUCTION,SUCCESS,503.16,kg/ha,False,SHA256:e84d3eb41408543efd8f046f03863811f7a4404086d1a272ef282d08948863f0,,
REQ-D7A5942E2B79,2026-09-20T13:50:15.226598+00:00,Minor Pulses,Andhra Pradesh,Ananthapur,2017,Historical District Mean / Persistence,BASELINE_PRODUCTION,SUCCESS,503.16,kg/ha,False,SHA256:d7c4ad8c49ca295eeb9803b977c5aea87d3a887aab93132c14221283e5f3b3f8,,
REQ-BE2385A4C87D,2026-09-20T13:50:15.374165+00:00,Maize,Andhra Pradesh,Ananthapur,2017,Historical District Mean / Persistence,BASELINE_PRODUCTION,SUCCESS,3707.98,kg/ha,False,SHA256:41053c0484844367f23031c57dd46f645d202bc9fa76f08fa3df14e5561a26e4,,
REQ-98762BA41F15,2026-09-20T13:50:15.492731+00:00,Maize,Andhra Pradesh,Ananthapur,2017,Historical District Mean / Persistence,BASELINE_PRODUCTION,SUCCESS,3707.98,kg/ha,False,SHA256:e4dc7306c608909a64fb61276b1559aa287c5965d43afa9a139398275392f0ab,,
REQ-4D4AE4FFEBC2,2026-09-20T13:50:15.628459+00:00,Wheat,Andhra Pradesh,Ananthapur,2017,Historical District Mean / Persistence,BASELINE_PRODUCTION,SUCCESS,696.89,kg/ha,False,SHA256:8ed66783f2c0ede10e8751c440e69aa9174f44add4bbf0f8f7e1cbfd80661cee,,
REQ-F31991DA276E,2026-09-20T13:50:15.769665+00:00,Wheat,Andhra Pradesh,Ananthapur,2017,Historical District Mean / Persistence,BASELINE_PRODUCTION,SUCCESS,696.89,kg/ha,False,SHA256:e8ef197a2d17b625c2718888ecea3cd968d5774d0852ac5e55bf36f7a6a45349,,
REQ-5BAC7932DB55,2026-09-20T13:50:15.939330+00:00,Rice,Andhra Pradesh,Ananthapur,2017,Historical District Mean / Persistence,BASELINE_PRODUCTION,SUCCESS,2625.84,kg/ha,False,SHA256:d5952b7b30ee1eb806dd599ef8c64fe6ce42f4fd3381e8b9f289c33e11b90c01,,
REQ-7CA1DDEF5D4C,2026-09-20T13:50:16.035165+00:00,Rice,Andhra Pradesh,Ananthapur,2017,Historical District Mean / Persistence,BASELINE_PRODUCTION,SUCCESS,2625.84,kg/ha,False,SHA256:22d8d6f2b5e55cc97a42624ec91bb34e69d169442d777fd62f5fd0984205133d,,
REQ-EC91D6FCD5CE,2026-09-20T13:50:16.128260+00:00,Sesamum,Andhra Pradesh,Ananthapur,2017,Historical District Mean / Persistence,BASELINE_PRODUCTION,SUCCESS,0.0,kg/ha,False,SHA256:3b98a454c1359fba8688cb586abc9da5d514996ffdf65983c5908f00ddefa228,,
REQ-C2784713998D,2026-09-20T13:50:16.218812+00:00,Sesamum,Andhra Pradesh,Ananthapur,2017,Historical District Mean / Persistence,BASELINE_PRODUCTION,SUCCESS,0.0,kg/ha,False,SHA256:0555af857cdcb36f10cd3f4b892401c9f6944a2fc27f3a67e2cbc5ee8e8020b8,,
REQ-750CA100BBE4,2026-09-20T13:50:16.319843+00:00,Pigeonpea,Andhra Pradesh,Ananthapur,2017,Historical District Mean / Persistence,BASELINE_PRODUCTION,SUCCESS,146.33,kg/ha,False,SHA256:b186b718acc93082d7301b3a9c2655e2d2e91f906605b2233f0c21f45d9ea6ea,,
REQ-80559A6EF312,2026-09-20T13:50:16.422092+00:00,Pigeonpea,Andhra Pradesh,Ananthapur,2017,Historical District Mean / Persistence,BASELINE_PRODUCTION,SUCCESS,146.33,kg/ha,False,SHA256:59e9a7034f6b80aa13228150ee38b4a28c8138dc050b375bd2b45370815d7807,,
REQ-F06E0652C0BC,2026-09-20T13:50:16.548673+00:00,Rapeseed and Mustard,Andhra Pradesh,Ananthapur,2017,Historical District Mean / Persistence,BASELINE_PRODUCTION,SUCCESS,0.0,kg/ha,False,SHA256:17383ca7513fc02b1aa563ce2bf1239e740e2d056680d09fc8223ec41f6687b4,,
REQ-3A45B6754C2D,2026-09-20T13:50:16.675289+00:00,Rapeseed and Mustard,Andhra Pradesh,Ananthapur,2017,Historical District Mean / Persistence,BASELINE_PRODUCTION,SUCCESS,0.0,kg/ha,False,SHA256:50465dd6bde39a753503afab4f1a4b6986e86ae49b5ca039a30552728d3ecb36,,
REQ-61E2F1967141,2026-09-20T13:50:16.926183+00:00,Groundnut,Andhra Pradesh,Ananthapur,2017,Historical District Mean / Persistence,BASELINE_PRODUCTION,SUCCESS,436.55,kg/ha,False,SHA256:0098897e931e217cf48c9ccbbea05b5714ee515972edb4a0c49849f572304c24,,
REQ-921FFADC961A,2026-09-20T13:50:17.176008+00:00,Groundnut,Andhra Pradesh,Ananthapur,2017,Historical District Mean / Persistence,BASELINE_PRODUCTION,SUCCESS,436.55,kg/ha,False,SHA256:912e5de2e12e496c640ec0a9c31e7a3d48f1a4dad70fd8554b1b32120035dd5b,,
REQ-1D91A9B65754,2026-09-20T13:50:17.303682+00:00,Sorghum,Andhra Pradesh,Ananthapur,2017,Historical District Mean / Persistence,BASELINE_PRODUCTION,SUCCESS,532.95,kg/ha,False,SHA256:d4deea4f1739003621b880fcfee84f26a4f99f2f41479ae5ac9455ec62e37d92,,
REQ-C5C37AA3C570,2026-09-20T13:50:17.423435+00:00,Sorghum,Andhra Pradesh,Ananthapur,2017,Historical District Mean / Persistence,BASELINE_PRODUCTION,SUCCESS,532.95,kg/ha,False,SHA256:1f53578fe58f21b4be5d42df733f378bf07c38734503c4aa298412dd0d9b0f71,,
REQ-6A6DB4C84E76,2026-09-20T13:50:17.541141+00:00,Pearl Millet,Andhra Pradesh,Ananthapur,2017,Historical District Mean / Persistence,BASELINE_PRODUCTION,SUCCESS,815.38,kg/ha,False,SHA256:f30fa5e3058a2baa1cfb7bbef037f84189733844f541eb2b8548682d7c8e63d9,,
REQ-479C0E5C966E,2026-09-20T13:50:17.788962+00:00,Pearl Millet,Andhra Pradesh,Ananthapur,2017,Historical District Mean / Persistence,BASELINE_PRODUCTION,SUCCESS,815.38,kg/ha,False,SHA256:ef1ecada441b28aaa1f5902e8bd0d58fedfa34059c750a86fafed59ab78b9a55,,
REQ-E2189EB92732,2026-09-20T13:50:17.793646+00:00,Potato,Punjab,Ludhiana,2018,NONE,UNSUPPORTED,REJECTED,,kg/ha,False,,UNSUPPORTED_CROP,Crop 'Potato' is not registered with an authoritative forecasting strategy.
REQ-D629B6796AC1,2026-09-20T13:50:17.820205+00:00,Oilseeds,Punjab,NonExistentDistrict123,2018,NONE,UNSUPPORTED,REJECTED,,kg/ha,False,,DISTRICT_UNSUPPORTED,District 'NonExistentDistrict123' in state 'Punjab' is not supported in historical training data for Oilseeds.
REQ-5603DACDCD09,2026-09-20T13:51:52.307401+00:00,Oilseeds,Punjab,Ludhiana,2017,Historical ML (RandomForestRegressor),PRODUCTION_READY,SUCCESS,869.13,kg/ha,False,SHA256:a1068444610f09ae1bd4b11d3707bd07cde161f6d2dc197c12cdec8e22b0a04b,,
REQ-521D4A3B36AA,2026-09-20T13:51:52.332019+00:00,Dragonfruit,Goa,Panaji,2018,NONE,UNSUPPORTED,REJECTED,,kg/ha,False,,UNSUPPORTED_CROP,Crop 'Dragonfruit' is not registered with an authoritative forecasting strategy.
REQ-F2C8382CDA67,2026-09-20T13:51:52.865863+00:00,Chickpea,Madhya Pradesh,Indore,2017,Historical District Mean / Persistence,BASELINE_PRODUCTION,SUCCESS,1125.31,kg/ha,False,SHA256:74b27c71fcde95265ff7d4003e8811d7a93d6f0467534a4fe79365ad19962da8,,
