State Name,State Code,Dist Name,Year,Rice Area (1000 ha),Rice Production (1000 tons),Actual Yield (Kg/ha),Predicted Yield (Kg/ha),Residual (Kg/ha),Absolute Error (Kg/ha),Percentage Error (%)
Kerala,19,Alappuzha,2015,31.72,89.34,2816.52,2794.1,22.42,22.42,0.8
Uttar Pradesh,12,Buland Shahar,2014,119.04,308.09,2588.11,2506.63,81.48,81.48,3.15
Uttar Pradesh,12,Azamgarh,2015,292.99,533.16,1819.72,1826.34,-6.62,6.62,0.36
Uttar Pradesh,12,Lucknow,2011,51.58,103.6,2008.53,1943.91,64.62,64.62,3.22
Rajasthan,10,Swami Madhopur,2015,3.91,6.69,1711.0,1406.82,304.18,304.18,17.78
Maharashtra,7,Raigad,2016,113.3,309.1,2728.16,2597.51,130.65,130.65,4.79
Tamil Nadu,11,The Nilgiris,2011,0.4,1.65,4125.0,0.0,4125.0,4125.0,100.0
Gujarat,3,Rajkot,2010,0.0,0.0,0.0,0.0,0.0,0.0,0.0
Telangana,20,Adilabad,2013,90.69,248.91,2744.62,2736.81,7.81,7.81,0.28
Madhya Pradesh,6,Ujjain,2016,0.0,0.0,0.0,0.0,0.0,0.0,0.0
West Bengal,13,Nadia,2013,239.03,734.42,3072.5,2916.82,155.68,155.68,5.07
Kerala,19,Malappuram,2016,7.14,17.21,2410.5,2179.82,230.68,230.68,9.57
Maharashtra,7,Pune,2012,77.6,106.16,1368.04,1424.63,-56.59,56.59,4.14
Madhya Pradesh,6,Shajapur,2015,0.0,0.0,0.0,0.0,0.0,0.0,0.0
Rajasthan,10,Udaipur,2016,5.17,6.19,1197.52,1054.9,142.62,142.62,11.91
Himachal Pradesh,18,Mandi,2013,19.35,23.33,1205.68,1099.68,106.0,106.0,8.79
Telangana,20,Hyderabad,2012,40.91,98.4,2405.28,2354.32,50.96,50.96,2.12
Uttar Pradesh,12,Kheri,2013,173.56,467.91,2695.96,2739.86,-43.9,43.9,1.63
Madhya Pradesh,6,Dewas,2017,0.1,0.07,730.0,0.0,730.0,730.0,100.0
Uttarakhand,16,Uttar Kashi,2015,10.74,18.98,1767.23,1616.34,150.89,150.89,8.54
Telangana,20,Khammam,2011,165.31,411.69,2490.41,2438.82,51.59,51.59,2.07
Maharashtra,7,Thane,2012,139.6,362.94,2599.86,2555.79,44.07,44.07,1.7
Chhattisgarh,14,Surguja,2013,371.71,633.47,1704.2,1694.77,9.43,9.43,0.55
Madhya Pradesh,6,Mandsaur,2010,0.0,0.0,0.0,0.0,0.0,0.0,0.0
Bihar,2,Saharsa,2011,196.4,332.12,1691.04,1620.87,70.17,70.17,4.15
Himachal Pradesh,18,Kinnaur,2017,0.01,0.02,1571.43,0.0,1571.43,1571.43,100.0
Himachal Pradesh,18,Chamba,2017,2.49,3.0,1203.93,0.0,1203.93,1203.93,100.0
Rajasthan,10,Jodhpur,2011,0.0,0.0,0.0,0.0,0.0,0.0,0.0
Punjab,9,Kapurthala,2011,118.0,433.0,3669.49,3618.63,50.86,50.86,1.39
Kerala,19,Alappuzha,2011,36.25,111.98,3089.1,2899.26,189.84,189.84,6.15
Tamil Nadu,11,South Arcot / Cuddalore,2017,294.85,1267.83,4299.84,4283.27,16.57,16.57,0.39
Uttar Pradesh,12,Meerut,2011,65.75,167.52,2547.97,2461.18,86.79,86.79,3.41
Karnataka,5,Dakshina Kannada,2015,98.3,253.36,2577.42,2494.93,82.49,82.49,3.2
Himachal Pradesh,18,Kinnaur,2010,0.02,0.02,1000.0,0.0,1000.0,1000.0,100.0
Uttar Pradesh,12,Allahabad,2012,195.08,527.66,2704.84,2650.93,53.91,53.91,1.99
Uttar Pradesh,12,Jaunpur,2016,153.46,359.4,2342.0,2263.78,78.22,78.22,3.34
Maharashtra,7,Dhule,2017,33.6,44.2,1315.48,1264.6,50.88,50.88,3.87
Maharashtra,7,Jalgaon,2017,0.0,0.0,0.0,0.0,0.0,0.0,0.0
Haryana,4,Mahendragarh / Narnaul,2017,10.59,25.52,2410.96,2187.98,222.98,222.98,9.25
Haryana,4,Gurgaon,2015,59.0,138.0,2338.98,2323.05,15.93,15.93,0.68
Uttar Pradesh,12,Bahraich,2012,232.68,544.28,2339.18,2316.93,22.25,22.25,0.95
Karnataka,5,Mysore,2013,117.83,407.47,3458.12,3396.79,61.33,61.33,1.77
Uttar Pradesh,12,Budaun,2011,94.4,203.28,2153.34,2145.35,7.99,7.99,0.37
Gujarat,3,Rajkot,2014,0.0,0.0,0.0,0.0,0.0,0.0,0.0
Jharkhand,15,Hazaribagh,2016,182.11,388.81,2135.06,2144.84,-9.78,9.78,0.46
Uttar Pradesh,12,Saharanpur,2010,73.61,150.25,2041.16,1943.16,98.0,98.0,4.8
West Bengal,13,Darjeeling,2013,32.16,72.3,2248.13,2121.3,126.83,126.83,5.64
Uttar Pradesh,12,Sitapur,2016,167.97,391.38,2330.0,2301.61,28.39,28.39,1.22
Bihar,2,Muzaffarpur,2013,294.37,275.92,937.32,938.88,-1.56,1.56,0.17
Uttar Pradesh,12,Jhansi,2017,10.21,16.22,1589.75,1383.91,205.84,205.84,12.95
Uttar Pradesh,12,Varanasi,2014,174.44,467.59,2680.52,2675.04,5.48,5.48,0.2
West Bengal,13,Purulia,2017,273.17,751.47,2750.89,2704.55,46.34,46.34,1.68
Karnataka,5,Bangalore,2015,5.97,14.64,2452.26,1961.21,491.05,491.05,20.02
Madhya Pradesh,6,Balaghat,2010,247.9,353.0,1423.96,1431.21,-7.25,7.25,0.51
Kerala,19,Kannur,2013,13.33,31.55,2367.13,2187.04,180.09,180.09,7.61
Uttar Pradesh,12,Fatehpur,2012,77.16,189.52,2456.19,2436.3,19.89,19.89,0.81
Rajasthan,10,Jaisalmer,2013,0.0,0.0,0.0,0.0,0.0,0.0,0.0
Telangana,20,Khammam,2013,191.78,575.28,2999.69,2935.18,64.51,64.51,2.15
West Bengal,13,Cooch Behar,2010,275.29,656.87,2386.1,2322.51,63.59,63.59,2.67
Madhya Pradesh,6,Panna,2016,69.0,179.33,2598.99,2484.56,114.43,114.43,4.4
Andhra Pradesh,1,Ananthapur,2013,40.4,87.94,2176.73,2007.99,168.74,168.74,7.75
Madhya Pradesh,6,Dewas,2014,1.0,0.67,670.0,0.0,670.0,670.0,100.0
Tamil Nadu,11,Tiruchirapalli / Trichy,2012,85.54,259.44,3032.89,2925.77,107.12,107.12,3.53
Himachal Pradesh,18,Chamba,2013,2.54,3.06,1204.72,0.0,1204.72,1204.72,100.0
Orissa,8,Puri,2011,332.69,434.65,1306.47,1251.46,55.01,55.01,4.21
Madhya Pradesh,6,Mandla,2015,215.0,365.33,1699.21,1754.02,-54.81,54.81,3.23
Uttar Pradesh,12,Mainpuri,2015,88.43,229.4,2594.1,2517.97,76.13,76.13,2.93
Madhya Pradesh,6,Bhind,2013,4.8,20.81,4335.42,2676.48,1658.94,1658.94,38.26
Rajasthan,10,Alwar,2014,0.35,0.77,2200.0,0.0,2200.0,2200.0,100.0
Rajasthan,10,Barmer,2016,0.0,0.0,0.0,0.0,0.0,0.0,0.0
Madhya Pradesh,6,Raisen,2011,21.5,30.7,1427.91,1303.13,124.78,124.78,8.74
Telangana,20,Hyderabad,2014,34.88,91.21,2614.97,2605.81,9.16,9.16,0.35
Maharashtra,7,Osmanabad,2014,18.9,3.6,190.48,0.0,190.48,190.48,100.0
Uttarakhand,16,Pithorgarh,2013,27.01,37.7,1395.78,1242.67,153.11,153.11,10.97
Uttar Pradesh,12,Etah,2017,28.79,71.3,2476.44,2338.53,137.91,137.91,5.57
Orissa,8,Bolangir,2014,334.45,1073.18,3208.79,3197.03,11.76,11.76,0.37
Himachal Pradesh,18,Kinnaur,2013,0.01,0.02,2000.0,0.0,2000.0,2000.0,100.0
Chhattisgarh,14,Surguja,2014,381.43,687.04,1801.22,1719.54,81.68,81.68,4.53
Uttarakhand,16,Garhwal,2016,10.85,15.18,1398.36,1346.81,51.55,51.55,3.69
Uttar Pradesh,12,Mainpuri,2016,78.27,197.92,2528.67,2498.35,30.32,30.32,1.2
Rajasthan,10,Jaisalmer,2012,0.0,0.0,0.0,0.0,0.0,0.0,0.0
Haryana,4,Jind,2012,143.25,410.16,2863.19,2769.16,94.03,94.03,3.28
Gujarat,3,Panchmahal,2014,110.17,105.99,962.05,979.48,-17.43,17.43,1.81
Karnataka,5,Raichur,2015,166.0,527.46,3177.47,3131.13,46.34,46.34,1.46
Telangana,20,Adilabad,2010,90.55,255.15,2817.78,2736.52,81.26,81.26,2.88
Tamil Nadu,11,The Nilgiris,2013,0.33,1.42,4303.03,0.0,4303.03,4303.03,100.0
Orissa,8,Koraput,2017,401.48,898.1,2236.97,2141.52,95.45,95.45,4.27
Telangana,20,Khammam,2016,121.0,445.76,3683.86,3560.18,123.68,123.68,3.36
Assam,17,Nagaon,2012,259.56,564.62,2175.3,2166.62,8.68,8.68,0.4
Madhya Pradesh,6,Indore,2013,0.01,0.0,0.0,0.0,0.0,0.0,0.0
Madhya Pradesh,6,Raisen,2013,62.69,54.14,863.61,900.84,-37.23,37.23,4.31
Rajasthan,10,Bharatpur,2013,2.36,4.73,2004.24,1429.12,575.12,575.12,28.7
Karnataka,5,Shimoge,2013,124.62,380.81,3055.77,3047.95,7.82,7.82,0.26
Haryana,4,Rohtak,2010,164.35,324.04,1971.63,1938.72,32.91,32.91,1.67
Himachal Pradesh,18,Chamba,2015,2.49,3.0,1204.82,0.0,1204.82,1204.82,100.0
Andhra Pradesh,1,Ananthapur,2010,59.8,171.4,2866.22,2842.85,23.37,23.37,0.82
West Bengal,13,Bankura,2013,377.61,1045.36,2768.36,2706.18,62.18,62.18,2.25
Punjab,9,Bhatinda,2016,376.16,1646.58,4377.34,4228.81,148.53,148.53,3.39
Jharkhand,15,Santhal Paragana / Dumka,2011,201.41,430.52,2137.53,2130.77,6.76,6.76,0.32
Himachal Pradesh,18,Bilashpur,2012,1.5,3.16,2106.67,0.0,2106.67,2106.67,100.0
Uttar Pradesh,12,Deoria,2016,260.11,533.78,2052.11,1994.28,57.83,57.83,2.82
Uttar Pradesh,12,Mathura,2013,52.65,126.58,2404.18,2388.72,15.46,15.46,0.64
Gujarat,3,Jamnagar,2015,0.0,0.0,0.0,0.0,0.0,0.0,0.0
Jharkhand,15,Ranchi,2013,353.05,714.66,2024.25,1988.18,36.07,36.07,1.78
Uttar Pradesh,12,Jalaun,2012,0.51,0.56,1098.04,0.0,1098.04,1098.04,100.0
Madhya Pradesh,6,Damoh,2017,75.73,126.22,1666.71,1718.41,-51.7,51.7,3.1
Maharashtra,7,Yeotmal,2015,0.0,0.0,0.0,0.0,0.0,0.0,0.0
Rajasthan,10,Jhunjhunu,2017,0.0,0.0,0.0,0.0,0.0,0.0,0.0
Tamil Nadu,11,Madurai,2010,94.77,432.12,4559.67,4322.01,237.66,237.66,5.21
Maharashtra,7,Aurangabad,2013,0.0,0.0,0.0,0.0,0.0,0.0,0.0
Telangana,20,Warangal,2011,224.35,573.94,2558.23,2594.38,-36.15,36.15,1.41
Uttar Pradesh,12,Bijnor,2012,16.12,44.27,2746.28,2422.05,324.23,324.23,11.81
Karnataka,5,Chickmagalur,2016,29.93,71.84,2400.32,2338.37,61.95,61.95,2.58
Maharashtra,7,Beed,2013,0.5,0.3,600.0,0.0,600.0,600.0,100.0
Maharashtra,7,Chandrapur,2017,284.38,287.3,1010.26,973.3,36.96,36.96,3.66
Gujarat,3,Kutch,2016,0.0,0.0,0.0,0.0,0.0,0.0,0.0
Madhya Pradesh,6,Mandsaur,2017,0.8,1.76,2200.0,0.0,2200.0,2200.0,100.0
Uttar Pradesh,12,Unnao,2017,94.99,199.19,2097.0,2082.17,14.83,14.83,0.71
Madhya Pradesh,6,Sagar,2010,6.0,4.5,750.0,540.36,209.64,209.64,27.95
Maharashtra,7,Pune,2013,82.1,153.2,1866.02,1797.85,68.17,68.17,3.65
Madhya Pradesh,6,Datia,2015,14.0,24.0,1714.29,1499.96,214.33,214.33,12.5
Punjab,9,Kapurthala,2016,118.0,483.0,4093.22,3904.29,188.93,188.93,4.62
Uttar Pradesh,12,Mirzpur,2015,126.61,209.26,1652.79,1645.25,7.54,7.54,0.46
Haryana,4,Jind,2016,164.16,448.36,2731.24,2713.85,17.39,17.39,0.64
Punjab,9,Patiala,2014,310.72,1238.98,3987.45,4108.32,-120.87,120.87,3.03
Uttar Pradesh,12,Meerut,2014,60.99,173.28,2841.15,2803.33,37.82,37.82,1.33
Karnataka,5,Hassan,2011,48.87,120.86,2473.09,2407.16,65.93,65.93,2.67
Rajasthan,10,Banswara,2013,30.27,29.75,982.68,1025.15,-42.47,42.47,4.32
Maharashtra,7,Wardha,2011,0.0,0.0,0.0,0.0,0.0,0.0,0.0
Uttar Pradesh,12,Gonda,2017,232.55,556.96,2394.98,2380.64,14.34,14.34,0.6
Uttar Pradesh,12,Banda,2010,53.92,60.55,1122.96,1120.16,2.8,2.8,0.25
Uttar Pradesh,12,Varanasi,2013,187.12,472.72,2526.29,2503.5,22.79,22.79,0.9
Uttar Pradesh,12,Pilibhit,2014,128.99,338.73,2626.02,2637.5,-11.48,11.48,0.44
Uttar Pradesh,12,Bareilly,2015,158.63,327.41,2063.99,1991.53,72.46,72.46,3.51
Punjab,9,Ferozpur,2016,642.84,2649.42,4121.43,3252.67,868.76,868.76,21.08
Uttarakhand,16,Almorah,2010,32.99,36.41,1103.67,1083.26,20.41,20.41,1.85
West Bengal,13,Hooghly,2010,292.37,904.16,3092.52,3019.42,73.1,73.1,2.36
Karnataka,5,Bangalore,2014,6.84,18.35,2682.75,2204.07,478.68,478.68,17.84
Maharashtra,7,Buldhana,2015,0.0,0.0,0.0,0.0,0.0,0.0,0.0
Madhya Pradesh,6,Shivpuri,2013,14.63,17.06,1166.1,1013.29,152.81,152.81,13.1
Gujarat,3,Bharuch,2013,22.65,28.4,1253.86,1194.08,59.78,59.78,4.77
Punjab,9,Roopnagar / Ropar,2014,50.5,176.0,3485.15,3359.79,125.36,125.36,3.6
Bihar,2,Muzaffarpur,2016,282.12,496.21,1758.86,1790.06,-31.2,31.2,1.77
Uttar Pradesh,12,Varanasi,2012,174.38,465.76,2670.95,2664.9,6.05,6.05,0.23
Uttar Pradesh,12,Budaun,2016,84.13,179.89,2138.13,2173.38,-35.25,35.25,1.65
Madhya Pradesh,6,Betul,2017,45.0,79.11,1758.0,1581.9,176.1,176.1,10.02
Gujarat,3,Valsad,2010,155.6,383.6,2465.3,2467.95,-2.65,2.65,0.11
Madhya Pradesh,6,Khandwa / East Nimar,2013,4.88,3.92,803.28,0.0,803.28,803.28,100.0
Rajasthan,10,Dungarpur,2017,17.17,19.73,1149.47,805.68,343.79,343.79,29.91
Rajasthan,10,Swami Madhopur,2014,2.87,4.46,1554.01,1370.79,183.22,183.22,11.79
Rajasthan,10,Jaisalmer,2015,0.0,0.0,0.0,0.0,0.0,0.0,0.0
West Bengal,13,Burdwan,2016,493.44,1514.45,3069.16,3201.41,-132.25,132.25,4.31
Madhya Pradesh,6,Ujjain,2012,0.0,0.0,0.0,0.0,0.0,0.0,0.0
Karnataka,5,Bidar,2016,0.52,0.63,1198.1,0.0,1198.1,1198.1,100.0
Maharashtra,7,Kolhapur,2014,111.8,338.6,3028.62,3058.23,-29.61,29.61,0.98
Maharashtra,7,Osmanabad,2013,20.7,11.5,555.56,421.84,133.72,133.72,24.07
Gujarat,3,Surendranagar,2017,0.85,1.57,1853.77,0.0,1853.77,1853.77,100.0
Uttarakhand,16,Pithorgarh,2015,26.49,35.07,1323.9,1210.17,113.73,113.73,8.59
Kerala,19,Eranakulam,2017,5.58,13.35,2392.29,1664.78,727.51,727.51,30.41
Uttar Pradesh,12,Jalaun,2015,1.56,2.8,1794.87,0.0,1794.87,1794.87,100.0
Madhya Pradesh,6,Gwalior,2016,58.0,95.33,1643.62,1556.24,87.38,87.38,5.32
Uttar Pradesh,12,Pilibhit,2013,135.91,380.14,2797.0,2735.56,61.44,61.44,2.2
Rajasthan,10,Ajmer,2013,0.01,0.01,1000.0,0.0,1000.0,1000.0,100.0
Himachal Pradesh,18,Kullu,2016,1.33,1.74,1307.52,0.0,1307.52,1307.52,100.0
Rajasthan,10,Banswara,2017,28.87,29.52,1022.5,1027.68,-5.18,5.18,0.51
Madhya Pradesh,6,Guna,2015,4.0,6.0,1500.0,656.72,843.28,843.28,56.22
Karnataka,5,Kodagu / Coorg,2013,32.03,92.21,2878.86,2701.58,177.28,177.28,6.16
Orissa,8,Keonjhar,2010,181.57,194.97,1073.8,1068.64,5.16,5.16,0.48
Orissa,8,Mayurbhanja,2011,299.21,563.67,1883.86,1908.66,-24.8,24.8,1.32
Haryana,4,Jind,2017,165.65,491.38,2966.34,2909.64,56.7,56.7,1.91
Orissa,8,Puri,2014,325.46,692.52,2127.82,2110.12,17.7,17.7,0.83
Maharashtra,7,Kolhapur,2016,114.2,397.8,3483.36,3319.42,163.94,163.94,4.71
Gujarat,3,Junagadh,2014,0.0,0.0,0.0,0.0,0.0,0.0,0.0
Jharkhand,15,Palamau,2017,121.89,253.28,2077.92,1981.97,95.95,95.95,4.62
Orissa,8,Phulbani ( Kandhamal ),2015,90.57,83.55,922.49,981.34,-58.85,58.85,6.38
Andhra Pradesh,1,Visakhapatnam,2012,166.65,312.24,1873.71,1841.81,31.9,31.9,1.7
Himachal Pradesh,18,Kangra,2013,37.76,58.06,1537.61,1492.17,45.44,45.44,2.96
Assam,17,Darrang,2010,348.39,670.09,1923.39,1882.44,40.95,40.95,2.13
Rajasthan,10,Kota,2012,12.3,33.1,2691.06,2418.86,272.2,272.2,10.12
Assam,17,North Cachar Hil / Dima hasao,2010,15.25,21.66,1420.33,1199.56,220.77,220.77,15.54
Maharashtra,7,Nanded,2015,0.4,0.1,250.0,0.0,250.0,250.0,100.0
Gujarat,3,Surendranagar,2012,0.2,0.4,2000.0,0.0,2000.0,2000.0,100.0
Maharashtra,7,Yeotmal,2014,0.0,0.0,0.0,0.0,0.0,0.0,0.0
Tamil Nadu,11,South Arcot / Cuddalore,2015,322.29,1280.44,3972.94,3954.14,18.8,18.8,0.47
Andhra Pradesh,1,Ananthapur,2011,48.67,120.07,2467.02,2394.39,72.63,72.63,2.94
Maharashtra,7,Bhandara,2010,378.6,607.65,1604.99,1602.51,2.48,2.48,0.15
Tamil Nadu,11,Tiruchirapalli / Trichy,2016,123.55,529.5,4285.73,4025.22,260.51,260.51,6.08
Punjab,9,Patiala,2015,311.72,1263.68,4053.89,4175.51,-121.62,121.62,3.0
West Bengal,13,Murshidabad,2014,367.46,1190.49,3239.78,3193.33,46.45,46.45,1.43
Maharashtra,7,Ratnagiri,2013,148.9,451.6,3032.91,2965.54,67.37,67.37,2.22
Assam,17,Goalpara,2010,380.68,763.77,2006.35,1981.29,25.06,25.06,1.25
West Bengal,13,Birbhum,2011,386.88,1126.8,2912.53,2876.18,36.35,36.35,1.25
Maharashtra,7,Chandrapur,2013,319.4,450.2,1409.52,1408.41,1.11,1.11,0.08
Kerala,19,Thiruvananthapuram,2017,1.74,4.55,2620.03,1471.98,1148.05,1148.05,43.82
West Bengal,13,24 Parganas,2010,595.7,1462.91,2455.78,2707.14,-251.36,251.36,10.24
West Bengal,13,Howrah,2012,111.21,286.83,2579.17,2558.51,20.66,20.66,0.8
Tamil Nadu,11,Madurai,2013,52.0,240.54,4625.77,4284.26,341.51,341.51,7.38
Uttar Pradesh,12,Sultanpur,2013,163.21,386.45,2367.79,2386.83,-19.04,19.04,0.8
Maharashtra,7,Pune,2010,60.9,71.92,1180.95,1102.56,78.39,78.39,6.64
Rajasthan,10,Alwar,2010,0.38,0.77,2026.32,0.0,2026.32,2026.32,100.0
Madhya Pradesh,6,Sagar,2014,5.0,5.33,1066.0,418.92,647.08,647.08,60.7
Rajasthan,10,Jodhpur,2017,0.0,0.0,0.0,0.0,0.0,0.0,0.0
Maharashtra,7,Yeotmal,2010,0.0,0.0,0.0,0.0,0.0,0.0,0.0
West Bengal,13,Howrah,2017,110.38,300.67,2724.04,2628.81,95.23,95.23,3.5
Madhya Pradesh,6,Gwalior,2013,57.51,135.09,2348.98,2347.6,1.38,1.38,0.06
Himachal Pradesh,18,Lahul & Spiti,2013,0.0,0.0,0.0,0.0,0.0,0.0,0.0
Karnataka,5,Belgaum,2015,61.23,40.8,666.34,706.97,-40.63,40.63,6.1
Himachal Pradesh,18,Chamba,2014,2.52,3.33,1321.43,0.0,1321.43,1321.43,100.0
Madhya Pradesh,6,Dhar,2014,1.0,0.67,670.0,0.0,670.0,670.0,100.0
Karnataka,5,Bangalore,2016,4.96,9.26,1866.88,1176.33,690.55,690.55,36.99
Haryana,4,Gurgaon,2010,54.0,140.0,2592.59,2514.35,78.24,78.24,3.02
Telangana,20,Medak,2013,170.97,624.49,3652.63,3677.01,-24.38,24.38,0.67
Himachal Pradesh,18,Sirmaur,2012,5.65,6.75,1194.69,996.49,198.2,198.2,16.59
Madhya Pradesh,6,Shivpuri,2014,14.0,17.33,1237.86,1098.94,138.92,138.92,11.22
Maharashtra,7,Akola,2010,0.0,0.0,0.0,0.0,0.0,0.0,0.0
Rajasthan,10,Dungarpur,2014,16.33,11.38,696.88,834.46,-137.58,137.58,19.74
Karnataka,5,Tumkur,2012,14.89,37.72,2533.24,2322.06,211.18,211.18,8.34
Orissa,8,Puri,2015,321.38,493.49,1535.53,1505.54,29.99,29.99,1.95
Assam,17,Karbi Anglong,2017,132.87,255.01,1919.27,1894.57,24.7,24.7,1.29
Jharkhand,15,Ranchi,2015,370.06,352.66,952.98,1046.12,-93.14,93.14,9.77
Uttar Pradesh,12,Pratapgarh,2011,97.81,226.62,2316.94,2203.99,112.95,112.95,4.87
Haryana,4,Karnal,2011,492.5,1539.02,3124.93,3191.33,-66.4,66.4,2.12
Assam,17,Lakhimpur,2010,217.52,345.12,1586.61,1637.78,-51.17,51.17,3.23
Jharkhand,15,Ranchi,2012,342.83,670.11,1954.64,1954.58,0.06,0.06,0.0
Uttar Pradesh,12,Sitapur,2015,160.52,346.41,2158.05,2143.52,14.53,14.53,0.67
Assam,17,Kamrup,2011,488.48,913.45,1869.98,1823.62,46.36,46.36,2.48
Punjab,9,Patiala,2017,314.72,1359.15,4318.6,4248.93,69.67,69.67,1.61
Haryana,4,Jind,2014,151.98,423.6,2787.21,2695.06,92.15,92.15,3.31
Punjab,9,Ludhiana,2012,269.9,1226.6,4544.65,4323.06,221.59,221.59,4.88
Uttarakhand,16,Nainital,2016,130.44,429.93,3295.98,3172.27,123.71,123.71,3.75
Bihar,2,Purnea,2014,390.34,996.73,2553.49,2451.56,101.93,101.93,3.99
Punjab,9,Gurdaspur,2015,203.0,588.0,2896.55,2881.77,14.78,14.78,0.51
Karnataka,5,Bijapur / Vijayapura,2013,0.1,0.31,3100.0,0.0,3100.0,3100.0,100.0
Telangana,20,Warangal,2010,268.06,860.41,3209.77,3266.74,-56.97,56.97,1.77
Assam,17,Cachar,2016,232.73,466.41,2004.13,1959.69,44.44,44.44,2.22
Gujarat,3,Rajkot,2013,0.0,0.0,0.0,0.0,0.0,0.0,0.0
Uttar Pradesh,12,Bareilly,2014,163.95,337.57,2058.98,2084.77,-25.79,25.79,1.25
Andhra Pradesh,1,West Godavari,2011,363.79,1308.47,3596.77,3491.95,104.82,104.82,2.91
Telangana,20,Hyderabad,2017,50.34,150.2,2983.71,2875.56,108.15,108.15,3.62
Madhya Pradesh,6,Dewas,2015,0.0,0.0,0.0,0.0,0.0,0.0,0.0
Uttar Pradesh,12,Etawah,2012,101.82,310.05,3045.08,2788.91,256.17,256.17,8.41
Uttarakhand,16,Pithorgarh,2017,26.3,33.83,1286.44,1166.2,120.24,120.24,9.35
Telangana,20,Nizamabad,2014,169.27,620.53,3665.92,3651.11,14.81,14.81,0.4
Madhya Pradesh,6,Dewas,2010,0.2,0.2,1000.0,0.0,1000.0,1000.0,100.0
Uttarakhand,16,Almorah,2014,30.03,39.7,1322.01,1265.84,56.17,56.17,4.25
Punjab,9,Patiala,2016,313.72,1351.85,4309.1,4222.45,86.65,86.65,2.01
Maharashtra,7,Raigad,2015,115.6,339.9,2940.31,2891.47,48.84,48.84,1.66
Uttar Pradesh,12,Saharanpur,2017,70.55,185.44,2628.49,2511.5,116.99,116.99,4.45
Haryana,4,Ambala,2010,165.6,556.0,3357.49,3313.08,44.41,44.41,1.32
Tamil Nadu,11,Ramananthapuram,2017,217.34,438.45,2017.36,2021.8,-4.44,4.44,0.22
Haryana,4,Gurgaon,2012,49.23,134.0,2721.92,2554.79,167.13,167.13,6.14
Haryana,4,Gurgaon,2014,57.0,159.0,2789.47,2726.25,63.22,63.22,2.27
Chhattisgarh,14,Bilaspur,2015,731.83,1340.65,1831.92,1916.22,-84.3,84.3,4.6
Tamil Nadu,11,Salem,2010,86.56,365.08,4217.65,4171.6,46.05,46.05,1.09
Telangana,20,Nizamabad,2011,259.81,972.2,3741.97,3536.52,205.45,205.45,5.49
Madhya Pradesh,6,Bhind,2014,6.0,20.67,3445.0,2617.75,827.25,827.25,24.01
Uttar Pradesh,12,Farrukhabad,2012,32.56,94.73,2909.4,2670.53,238.87,238.87,8.21
Maharashtra,7,Buldhana,2011,0.0,0.0,0.0,0.0,0.0,0.0,0.0
Andhra Pradesh,1,Chittoor,2017,64.81,246.15,3797.99,3469.45,328.54,328.54,8.65
West Bengal,13,24 Parganas,2016,582.01,1554.29,2670.56,3002.94,-332.38,332.38,12.45
Karnataka,5,Kodagu / Coorg,2010,35.44,93.45,2636.85,2608.41,28.44,28.44,1.08
Andhra Pradesh,1,Guntur,2014,333.74,1298.65,3891.24,3723.0,168.24,168.24,4.32
Gujarat,3,Panchmahal,2017,127.96,144.13,1126.36,1115.53,10.83,10.83,0.96
Himachal Pradesh,18,Sirmaur,2015,5.37,6.35,1182.5,1004.98,177.52,177.52,15.01
West Bengal,13,Burdwan,2014,583.28,1896.03,3250.63,3323.46,-72.83,72.83,2.24
Madhya Pradesh,6,Rajgarh,2015,1.0,1.33,1330.0,0.0,1330.0,1330.0,100.0
Haryana,4,Mahendragarh / Narnaul,2011,7.95,21.17,2664.23,2404.82,259.41,259.41,9.74
Uttar Pradesh,12,Etawah,2014,108.55,312.43,2878.21,2805.45,72.76,72.76,2.53
Madhya Pradesh,6,Bhind,2011,0.4,1.3,3250.0,0.0,3250.0,3250.0,100.0
Rajasthan,10,Barmer,2013,0.0,0.0,0.0,0.0,0.0,0.0,0.0
Telangana,20,Nalgonda,2011,327.76,963.8,2940.57,2787.86,152.71,152.71,5.19
Maharashtra,7,Thane,2010,138.3,280.58,2028.78,2034.32,-5.54,5.54,0.27
Punjab,9,Amritsar,2011,357.0,972.0,2722.69,2656.17,66.52,66.52,2.44
Punjab,9,Gurdaspur,2011,174.39,649.0,3721.54,3706.24,15.3,15.3,0.41
Gujarat,3,Kheda,2011,201.3,451.3,2241.93,2256.78,-14.85,14.85,0.66
West Bengal,13,Bankura,2011,376.99,1119.51,2969.6,2915.16,54.44,54.44,1.83
Himachal Pradesh,18,Solan,2017,3.9,9.84,2521.4,1820.4,701.0,701.0,27.8
Andhra Pradesh,1,Kadapa YSR,2017,54.98,139.76,2542.13,2502.18,39.95,39.95,1.57
Madhya Pradesh,6,Morena,2010,9.7,28.8,2969.07,2530.91,438.16,438.16,14.76
Madhya Pradesh,6,Ratlam,2016,1.0,0.66,660.0,0.0,660.0,660.0,100.0
Maharashtra,7,Beed,2015,0.3,0.0,0.0,0.0,0.0,0.0,0.0
West Bengal,13,Midnapur,2014,1154.23,3152.73,2731.46,2676.92,54.54,54.54,2.0
Madhya Pradesh,6,Rajgarh,2012,0.42,0.34,809.52,0.0,809.52,809.52,100.0
Kerala,19,Kollam,2017,5.01,13.15,2623.75,1920.36,703.39,703.39,26.81
Kerala,19,Thiruvananthapuram,2012,1.82,4.1,2252.75,0.0,2252.75,2252.75,100.0
Uttar Pradesh,12,Buland Shahar,2012,21.19,58.04,2738.59,2624.01,114.58,114.58,4.18
Rajasthan,10,Pali,2013,0.0,0.0,0.0,0.0,0.0,0.0,0.0
Uttar Pradesh,12,Faizabad,2013,219.18,586.77,2677.11,2624.18,52.93,52.93,1.98
Haryana,4,Ambala,2017,170.6,681.0,3991.79,3842.97,148.82,148.82,3.73
Madhya Pradesh,6,Chhindwara,2015,31.0,54.0,1741.94,1750.58,-8.64,8.64,0.5
Punjab,9,Kapurthala,2013,117.0,451.0,3854.7,3714.49,140.21,140.21,3.64
Telangana,20,Khammam,2017,161.32,512.4,3176.26,3045.4,130.86,130.86,4.12
Karnataka,5,Gulbarga / Kalaburagi,2016,96.88,322.59,3329.87,3039.96,289.91,289.91,8.71
Himachal Pradesh,18,Sirmaur,2013,5.48,6.49,1184.31,1018.27,166.04,166.04,14.02
Madhya Pradesh,6,Ujjain,2010,0.0,0.0,0.0,0.0,0.0,0.0,0.0
Kerala,19,Eranakulam,2011,7.98,17.2,2154.6,2144.92,9.68,9.68,0.45
Bihar,2,Shahabad (now part of Bhojpur district),2013,493.8,1690.29,3423.03,3422.97,0.06,0.06,0.0
Uttar Pradesh,12,Pratapgarh,2010,97.44,195.82,2009.65,1986.37,23.28,23.28,1.16
Uttar Pradesh,12,Banda,2013,66.51,120.09,1805.59,1749.01,56.58,56.58,3.13
Uttar Pradesh,12,Jaunpur,2012,147.19,343.97,2336.91,2310.89,26.02,26.02,1.11
Rajasthan,10,Banswara,2011,28.93,37.54,1297.65,1202.36,95.29,95.29,7.34
Karnataka,5,Kolar,2017,1.69,5.46,3233.55,1725.47,1508.08,1508.08,46.64
West Bengal,13,Murshidabad,2012,352.39,973.7,2763.13,2690.75,72.38,72.38,2.62
Karnataka,5,Raichur,2016,169.29,631.06,3727.77,3674.98,52.79,52.79,1.42
Andhra Pradesh,1,Kadapa YSR,2015,40.26,123.13,3058.37,3049.34,9.03,9.03,0.3
Rajasthan,10,Ajmer,2014,0.01,0.02,2000.0,0.0,2000.0,2000.0,100.0
Madhya Pradesh,6,Khandwa / East Nimar,2010,8.6,11.7,1360.47,1052.05,308.42,308.42,22.67
Himachal Pradesh,18,Kangra,2012,38.92,60.43,1552.67,1475.68,76.99,76.99,4.96
Punjab,9,Ludhiana,2017,270.9,1283.25,4736.99,4543.65,193.34,193.34,4.08
Karnataka,5,Mysore,2010,143.53,441.19,3073.85,2911.78,162.07,162.07,5.27
Assam,17,Goalpara,2011,368.67,689.19,1869.4,1856.38,13.02,13.02,0.7
Andhra Pradesh,1,Ananthapur,2017,30.91,86.36,2793.52,2685.51,108.01,108.01,3.87
Maharashtra,7,Satara,2011,50.5,83.0,1643.56,1593.14,50.42,50.42,3.07
Andhra Pradesh,1,West Godavari,2010,456.52,1490.32,3264.52,3274.65,-10.13,10.13,0.31
Orissa,8,Bolangir,2015,323.73,511.39,1579.68,1538.95,40.73,40.73,2.58
Uttar Pradesh,12,Rampur,2011,144.99,316.84,2185.25,2126.9,58.35,58.35,2.67
West Bengal,13,West Dinajpur,2014,399.61,1120.63,2804.31,2812.06,-7.75,7.75,0.28
West Bengal,13,Bankura,2016,376.63,1058.24,2809.78,2807.98,1.8,1.8,0.06
Uttar Pradesh,12,Buland Shahar,2016,93.81,236.88,2525.21,2453.97,71.24,71.24,2.82
Uttar Pradesh,12,Azamgarh,2011,298.23,678.51,2275.12,2216.41,58.71,58.71,2.58
Assam,17,Karbi Anglong,2010,126.1,237.35,1882.24,1827.77,54.47,54.47,2.89
Gujarat,3,Dangs,2011,18.0,30.7,1705.56,1509.23,196.33,196.33,11.51
Telangana,20,Mahabubnagar,2012,142.03,380.5,2679.01,2648.04,30.97,30.97,1.16
West Bengal,13,Hooghly,2015,277.62,871.28,3138.39,3104.23,34.16,34.16,1.09
Madhya Pradesh,6,Sidhi,2016,118.0,348.0,2949.15,2898.01,51.14,51.14,1.73
Uttarakhand,16,Dehradun,2017,9.29,19.56,2105.25,1777.98,327.27,327.27,15.55
Karnataka,5,Raichur,2013,254.24,836.0,3288.23,3142.21,146.02,146.02,4.44
Maharashtra,7,Jalgaon,2015,0.0,0.0,0.0,0.0,0.0,0.0,0.0
Punjab,9,Ferozpur,2011,544.12,2047.84,3763.58,3709.71,53.87,53.87,1.43
Kerala,19,Malappuram,2010,8.95,21.07,2354.19,1973.77,380.42,380.42,16.16
Punjab,9,Roopnagar / Ropar,2012,53.5,203.5,3803.74,3722.92,80.82,80.82,2.12
Karnataka,5,Tumkur,2013,13.04,38.49,2951.69,2650.27,301.42,301.42,10.21
Orissa,8,Bolangir,2013,340.9,1071.26,3142.45,3155.81,-13.36,13.36,0.43
Uttar Pradesh,12,Etah,2014,37.39,86.02,2300.62,2233.64,66.98,66.98,2.91
Madhya Pradesh,6,Shahdol,2014,269.0,510.67,1898.4,1875.34,23.06,23.06,1.21
Rajasthan,10,Dungarpur,2015,16.36,11.02,673.59,841.64,-168.05,168.05,24.95
Kerala,19,Palakkad,2014,82.91,236.4,2851.28,2697.96,153.32,153.32,5.38
Assam,17,North Cachar Hil / Dima hasao,2011,15.57,36.09,2317.92,2087.75,230.17,230.17,9.93
Assam,17,Sibsagar,2012,300.09,703.63,2344.73,2272.27,72.46,72.46,3.09
Karnataka,5,Raichur,2012,228.59,735.3,3216.68,3096.49,120.19,120.19,3.74
Punjab,9,Amritsar,2017,362.0,1436.0,3966.85,3934.93,31.92,31.92,0.8
Rajasthan,10,Sirohi,2011,0.0,0.0,0.0,0.0,0.0,0.0,0.0
Madhya Pradesh,6,Jabalpur,2011,157.6,204.5,1297.59,1333.21,-35.62,35.62,2.75
Madhya Pradesh,6,Chhindwara,2013,13.81,28.05,2031.14,1869.56,161.58,161.58,7.96
Himachal Pradesh,18,Kangra,2016,36.59,56.24,1537.13,1648.79,-111.66,111.66,7.26
Telangana,20,Hyderabad,2011,43.67,103.1,2360.89,2331.43,29.46,29.46,1.25
Madhya Pradesh,6,Jabalpur,2010,151.1,155.0,1025.81,1149.37,-123.56,123.56,12.05
Tamil Nadu,11,Salem,2011,83.06,380.75,4584.04,4269.59,314.45,314.45,6.86
Kerala,19,Kozhikode,2012,10.14,23.52,2318.58,2013.17,305.41,305.41,13.17
Bihar,2,Saharsa,2017,168.85,279.7,1656.48,1614.16,42.32,42.32,2.55
Rajasthan,10,Jaipur,2017,0.0,0.0,0.0,0.0,0.0,0.0,0.0
Madhya Pradesh,6,Chhatarpur,2014,10.0,8.67,867.0,535.13,331.87,331.87,38.28
Assam,17,Sibsagar,2011,297.88,613.36,2059.08,2045.97,13.11,13.11,0.64
West Bengal,13,Burdwan,2015,578.47,1949.43,3369.98,3344.6,25.38,25.38,0.75
West Bengal,13,Birbhum,2013,384.61,1274.1,3312.71,3227.74,84.97,84.97,2.57
Rajasthan,10,Tonk,2013,0.0,0.0,0.0,0.0,0.0,0.0,0.0
Chhattisgarh,14,Bilaspur,2011,749.08,1557.35,2079.01,2035.22,43.79,43.79,2.11
Telangana,20,Adilabad,2012,70.75,187.27,2646.93,2527.3,119.63,119.63,4.52
Assam,17,Nagaon,2011,282.09,530.2,1879.54,1876.92,2.62,2.62,0.14
Karnataka,5,Uttara Kannada,2014,68.51,152.7,2228.87,2038.05,190.82,190.82,8.56
Uttar Pradesh,12,Jaunpur,2017,157.28,362.68,2306.0,2236.74,69.26,69.26,3.0
Assam,17,Karbi Anglong,2011,121.57,174.4,1434.56,1463.03,-28.47,28.47,1.98
Gujarat,3,Junagadh,2013,0.0,0.0,0.0,0.0,0.0,0.0,0.0
Andhra Pradesh,1,East Godavari,2012,401.06,1101.91,2747.49,2816.83,-69.34,69.34,2.52
Uttar Pradesh,12,Budaun,2017,88.35,188.48,2133.41,2236.57,-103.16,103.16,4.84
Rajasthan,10,Bikaner,2011,0.03,0.06,2000.0,0.0,2000.0,2000.0,100.0
Rajasthan,10,Barmer,2017,0.0,0.0,0.0,0.0,0.0,0.0,0.0
Bihar,2,Mungair,2014,153.82,386.55,2513.0,2507.51,5.49,5.49,0.22
Gujarat,3,Banaskantha,2013,0.0,0.0,0.0,0.0,0.0,0.0,0.0
West Bengal,13,Cooch Behar,2013,273.13,727.97,2665.29,2638.07,27.22,27.22,1.02
Assam,17,Nagaon,2010,274.15,543.86,1983.8,1984.72,-0.92,0.92,0.05
Madhya Pradesh,6,Mandsaur,2011,0.0,0.0,0.0,0.0,0.0,0.0,0.0
Karnataka,5,Kodagu / Coorg,2017,27.17,64.26,2364.95,2255.77,109.18,109.18,4.62
Madhya Pradesh,6,Chhindwara,2016,35.0,53.33,1523.71,1650.6,-126.89,126.89,8.33
Maharashtra,7,Nanded,2010,5.2,2.71,521.15,0.0,521.15,521.15,100.0
Gujarat,3,Dangs,2010,18.0,23.4,1300.0,1154.79,145.21,145.21,11.17
Madhya Pradesh,6,Narsinghpur,2011,12.0,21.5,1791.67,1424.13,367.54,367.54,20.51
Rajasthan,10,Churu,2015,0.0,0.0,0.0,0.0,0.0,0.0,0.0
Andhra Pradesh,1,Srikakulam,2017,279.15,735.77,2635.76,2650.81,-15.05,15.05,0.57
West Bengal,13,Bankura,2017,384.61,1081.48,2811.87,2825.71,-13.84,13.84,0.49
Assam,17,Lakhimpur,2015,211.61,383.71,1813.29,1842.7,-29.41,29.41,1.62
Kerala,19,Thiruvananthapuram,2011,2.4,6.14,2558.33,1768.93,789.4,789.4,30.86
Assam,17,Sibsagar,2010,295.51,650.67,2201.85,2140.68,61.17,61.17,2.78
Orissa,8,Cuttack,2016,437.4,1254.27,2867.56,2865.83,1.73,1.73,0.06
Maharashtra,7,Nasik,2011,62.9,77.8,1236.88,1109.03,127.85,127.85,10.34
Karnataka,5,Bidar,2014,2.06,1.99,966.02,0.0,966.02,966.02,100.0
Himachal Pradesh,18,Lahul & Spiti,2016,0.0,0.0,0.0,0.0,0.0,0.0,0.0
Madhya Pradesh,6,Satna,2016,120.0,393.33,3277.75,3257.82,19.93,19.93,0.61
Jharkhand,15,Santhal Paragana / Dumka,2017,351.0,726.35,2069.39,2033.11,36.28,36.28,1.75
Himachal Pradesh,18,Solan,2013,3.98,10.05,2525.13,1874.46,650.67,650.67,25.77
Madhya Pradesh,6,Panna,2017,58.4,140.2,2400.68,2365.2,35.48,35.48,1.48
Maharashtra,7,Nanded,2017,0.81,1.2,1485.15,0.0,1485.15,1485.15,100.0
Rajasthan,10,Ganganagar,2015,45.9,133.06,2898.91,2810.82,88.09,88.09,3.04
Uttar Pradesh,12,Mirzpur,2011,125.91,266.41,2115.88,2070.28,45.6,45.6,2.16
Maharashtra,7,Sangli,2015,22.6,43.4,1920.35,1696.14,224.21,224.21,11.68
Uttar Pradesh,12,Etawah,2017,101.35,295.3,2913.67,2719.88,193.79,193.79,6.65
Madhya Pradesh,6,Jabalpur,2013,188.69,364.36,1931.0,1943.83,-12.83,12.83,0.66
Uttarakhand,16,Tehri Garhwal,2015,11.63,19.88,1709.37,1480.53,228.84,228.84,13.39
Telangana,20,Khammam,2010,218.25,704.07,3225.98,3155.98,70.0,70.0,2.17
Uttar Pradesh,12,Bijnor,2010,59.18,132.72,2242.65,2268.73,-26.08,26.08,1.16
Madhya Pradesh,6,Sehore,2012,17.98,45.87,2551.17,2284.34,266.83,266.83,10.46
Rajasthan,10,Bhilwara,2015,0.57,1.14,2000.0,0.0,2000.0,2000.0,100.0
Assam,17,Kamrup,2016,442.4,949.9,2147.15,2074.89,72.26,72.26,3.37
Uttar Pradesh,12,Bijnor,2014,54.81,143.38,2615.95,2492.67,123.28,123.28,4.71
Haryana,4,Gurgaon,2016,62.1,166.0,2673.11,2698.58,-25.47,25.47,0.95
Maharashtra,7,Ratnagiri,2016,139.34,445.3,3195.78,3044.42,151.36,151.36,4.74
Punjab,9,Sangrur,2010,383.56,1677.92,4374.6,4205.47,169.13,169.13,3.87
Bihar,2,Darbhanga,2010,346.31,223.43,645.17,779.33,-134.16,134.16,20.8
Madhya Pradesh,6,Sehore,2014,46.0,147.33,3202.83,3042.09,160.74,160.74,5.02
Uttar Pradesh,12,Gorakhpur,2010,319.9,672.53,2102.31,2101.2,1.11,1.11,0.05
Rajasthan,10,Udaipur,2017,5.51,6.68,1210.68,1027.03,183.65,183.65,15.17
Uttarakhand,16,Garhwal,2012,15.53,18.21,1172.57,1034.03,138.54,138.54,11.82
Punjab,9,Amritsar,2010,358.0,1003.0,2801.68,2748.08,53.6,53.6,1.91
Uttar Pradesh,12,Fatehpur,2011,79.78,186.54,2338.18,2384.24,-46.06,46.06,1.97
Karnataka,5,Mysore,2015,107.4,366.09,3408.66,3295.0,113.66,113.66,3.33
Rajasthan,10,Swami Madhopur,2017,2.87,5.1,1773.14,1441.01,332.13,332.13,18.73
Andhra Pradesh,1,Kurnool,2017,109.67,391.52,3570.06,3444.48,125.58,125.58,3.52
Rajasthan,10,Ajmer,2015,0.0,0.0,0.0,0.0,0.0,0.0,0.0
Bihar,2,Saran,2015,243.95,288.01,1180.61,1133.88,46.73,46.73,3.96
West Bengal,13,Cooch Behar,2011,273.28,600.69,2198.08,2185.33,12.75,12.75,0.58
Rajasthan,10,Jhunjhunu,2012,0.0,0.0,0.0,0.0,0.0,0.0,0.0
Bihar,2,Bhagalpur,2012,131.5,358.37,2725.25,2699.87,25.38,25.38,0.93
Madhya Pradesh,6,Hoshangabad,2017,136.8,312.65,2285.45,2275.8,9.65,9.65,0.42
Uttar Pradesh,12,Deoria,2014,251.34,520.68,2071.62,2016.0,55.62,55.62,2.68
Maharashtra,7,Jalgaon,2016,0.0,0.0,0.0,0.0,0.0,0.0,0.0
West Bengal,13,Nadia,2011,252.14,744.49,2952.68,2839.84,112.84,112.84,3.82
Madhya Pradesh,6,Raisen,2014,137.0,342.67,2501.24,2465.63,35.61,35.61,1.42
Karnataka,5,Chickmagalur,2015,33.04,88.32,2673.12,2651.54,21.58,21.58,0.81
Maharashtra,7,Yeotmal,2011,0.1,0.1,1000.0,0.0,1000.0,1000.0,100.0
Karnataka,5,Bellary,2017,101.93,388.34,3809.74,3716.31,93.43,93.43,2.45
Uttarakhand,16,Dehradun,2016,10.19,20.74,2036.13,1727.22,308.91,308.91,15.17
Maharashtra,7,Ratnagiri,2017,139.25,430.7,3093.02,2995.04,97.98,97.98,3.17
West Bengal,13,Jalpaiguri,2013,229.65,523.15,2278.03,2216.58,61.45,61.45,2.7
Madhya Pradesh,6,Indore,2015,0.0,0.0,0.0,0.0,0.0,0.0,0.0
Karnataka,5,Dakshina Kannada,2011,110.5,268.07,2425.97,2399.74,26.23,26.23,1.08
Bihar,2,Saharsa,2012,198.09,345.23,1742.79,1734.36,8.43,8.43,0.48
Uttar Pradesh,12,Muzaffarnagar,2011,35.44,83.2,2347.63,2340.9,6.73,6.73,0.29
Gujarat,3,Banaskantha,2017,0.0,0.0,0.0,0.0,0.0,0.0,0.0
Orissa,8,Sundargarh,2014,195.83,496.44,2535.06,2522.85,12.21,12.21,0.48
Madhya Pradesh,6,Seoni / Shivani,2014,139.0,199.33,1434.03,1509.83,-75.8,75.8,5.29
Gujarat,3,Dangs,2012,13.8,21.8,1579.71,1462.13,117.58,117.58,7.44
Himachal Pradesh,18,Mandi,2015,18.95,32.84,1732.98,1494.52,238.46,238.46,13.76
Maharashtra,7,Jalgaon,2010,0.0,0.0,0.0,0.0,0.0,0.0,0.0
Bihar,2,Gaya,2012,450.17,1499.42,3330.79,3284.89,45.9,45.9,1.38
Madhya Pradesh,6,Damoh,2015,73.0,82.67,1132.47,1146.26,-13.79,13.79,1.22
Andhra Pradesh,1,Visakhapatnam,2013,163.79,330.13,2015.54,1979.09,36.45,36.45,1.81
Rajasthan,10,Tonk,2017,0.0,0.0,2500.0,0.0,2500.0,2500.0,100.0
Gujarat,3,Sabarkantha,2012,3.7,8.2,2216.22,1584.05,632.17,632.17,28.52
Maharashtra,7,Kolhapur,2011,104.9,280.88,2677.6,2594.6,83.0,83.0,3.1
Madhya Pradesh,6,Sehore,2013,20.18,61.92,3068.38,2848.18,220.2,220.2,7.18
Uttar Pradesh,12,Mathura,2010,42.27,90.07,2130.83,2029.34,101.49,101.49,4.76
Rajasthan,10,Udaipur,2012,5.14,5.64,1097.17,1040.64,56.53,56.53,5.15
Andhra Pradesh,1,Kadapa YSR,2011,53.9,158.66,2943.6,2870.43,73.17,73.17,2.49
Karnataka,5,Kodagu / Coorg,2012,31.37,77.78,2479.44,2309.06,170.38,170.38,6.87
Uttar Pradesh,12,Buland Shahar,2011,99.69,239.59,2403.27,2335.86,67.41,67.41,2.8
Andhra Pradesh,1,Kurnool,2013,147.06,543.56,3696.13,3629.61,66.52,66.52,1.8
Uttar Pradesh,12,Sultanpur,2015,151.91,309.77,2039.13,2081.29,-42.16,42.16,2.07
Telangana,20,Mahabubnagar,2016,143.31,386.46,2696.59,2678.97,17.62,17.62,0.65
Maharashtra,7,Pune,2014,82.1,136.1,1657.73,1660.91,-3.18,3.18,0.19
Himachal Pradesh,18,Mandi,2016,18.75,22.6,1205.34,1058.02,147.32,147.32,12.22
Bihar,2,Mungair,2010,128.49,57.92,450.77,584.9,-134.13,134.13,29.76
Uttar Pradesh,12,Gorakhpur,2017,319.73,805.12,2518.15,2436.0,82.15,82.15,3.26
Madhya Pradesh,6,Bhind,2015,6.0,27.33,4555.0,3664.19,890.81,890.81,19.56
West Bengal,13,Jalpaiguri,2014,230.54,561.85,2437.1,2415.49,21.61,21.61,0.89
Uttar Pradesh,12,Rampur,2017,138.67,328.51,2369.0,2287.87,81.13,81.13,3.42
Gujarat,3,Surendranagar,2010,0.0,0.0,0.0,0.0,0.0,0.0,0.0
Gujarat,3,Jamnagar,2014,0.0,0.0,0.0,0.0,0.0,0.0,0.0
Karnataka,5,Mysore,2011,136.45,431.65,3163.43,3005.02,158.41,158.41,5.01
Jharkhand,15,Ranchi,2017,556.33,1124.5,2021.3,2315.39,-294.09,294.09,14.55
Uttar Pradesh,12,Shahjahanpur,2012,161.54,447.63,2771.02,2729.41,41.61,41.61,1.5
Rajasthan,10,Bharatpur,2015,2.61,5.98,2291.19,1617.14,674.05,674.05,29.42
Kerala,19,Alappuzha,2013,37.4,106.87,2857.49,2746.41,111.08,111.08,3.89
Uttar Pradesh,12,Ghazipur,2016,147.67,317.05,2147.0,2125.51,21.49,21.49,1.0
Rajasthan,10,Bhilwara,2011,0.37,0.69,1864.86,0.0,1864.86,1864.86,100.0
West Bengal,13,Purulia,2015,272.13,500.44,1838.97,1883.39,-44.42,44.42,2.42
Chhattisgarh,14,Raipur,2012,993.68,1974.69,1987.25,1930.42,56.83,56.83,2.86
Telangana,20,Warangal,2017,269.29,783.31,2908.75,3036.72,-127.97,127.97,4.4
Uttar Pradesh,12,Jhansi,2015,10.29,17.14,1665.69,1487.0,178.69,178.69,10.73
Rajasthan,10,Pali,2011,0.0,0.0,0.0,0.0,0.0,0.0,0.0
Karnataka,5,Bijapur / Vijayapura,2016,0.03,0.09,2774.19,0.0,2774.19,2774.19,100.0
Rajasthan,10,Churu,2011,0.0,0.0,0.0,0.0,0.0,0.0,0.0
Jharkhand,15,Singhbhum,2017,386.91,669.97,1731.62,1669.99,61.63,61.63,3.56
Orissa,8,Balasore,2015,383.52,783.5,2042.92,2009.7,33.22,33.22,1.63
Assam,17,Sibsagar,2014,313.37,658.9,2102.63,2054.56,48.07,48.07,2.29
Madhya Pradesh,6,Narsinghpur,2014,18.0,25.33,1407.22,1184.73,222.49,222.49,15.81
Gujarat,3,Sabarkantha,2016,7.67,21.14,2756.13,2439.51,316.62,316.62,11.49
Rajasthan,10,Jodhpur,2010,0.0,0.0,0.0,0.0,0.0,0.0,0.0
Orissa,8,Dhenkanal,2010,176.24,178.0,1009.99,1145.49,-135.5,135.5,13.42
Gujarat,3,Banaskantha,2014,0.0,0.0,0.0,0.0,0.0,0.0,0.0
Gujarat,3,Valsad,2013,150.35,348.71,2319.32,2284.66,34.66,34.66,1.49
Madhya Pradesh,6,Gwalior,2011,34.7,111.2,3204.61,2974.85,229.76,229.76,7.17
Maharashtra,7,Bhandara,2013,396.1,649.59,1639.96,1605.68,34.28,34.28,2.09
Orissa,8,Puri,2013,334.95,364.58,1088.46,1147.73,-59.27,59.27,5.45
Punjab,9,Jalandhar,2013,201.16,719.22,3575.36,3538.86,36.5,36.5,1.02
